seed,strategy,image_key,place_key,clean_rank,clean_margin_drop,targeted_margin_drop,random_margin_drop,clean_descriptor_drift,targeted_descriptor_drift,random_descriptor_drift,clean_rank_degradation,targeted_rank_degradation,random_rank_degradation,clean_positive_similarity_drop,targeted_positive_similarity_drop,random_positive_similarity_drop,clean_failure_flip,targeted_failure_flip,random_failure_flip,clean_hit_at_1,targeted_hit_at_1,random_hit_at_1,clean_hit_at_5,targeted_hit_at_5,random_hit_at_5,clean_hit_at_10,targeted_hit_at_10,random_hit_at_10,paired_margin_difference
0,attention,Bangkok/Bangkok_0001023_2017_11_374_13.72635845259701_100.5497549817964_BH4eo1LncXcJKFdN_r9mQA.jpg,Bangkok:1023,1,0.0,0.139444962143898,0.033230793476104734,0.0,0.3642212152481079,0.18417325019836425,0,0,0.0,0.0,0.16119280457496643,0.04384247064590454,0,0,0.0,1,1,1.0,1,1,1.0,1,1,1.0,0.10621416866779328
0,attention,Bangkok/Bangkok_0001913_2020_09_280_13.73731626897177_100.4846479105927_tMaJYnfZZhMWbB4Uh23oqg.jpg,Bangkok:1913,1,0.0,0.0915834903717041,0.1194691002368927,0.0,0.4604150056838989,0.30387171506881716,0,0,0.0,0.0,0.11137115955352783,0.09849358797073364,0,0,0.0,1,1,1.0,1,1,1.0,1,1,1.0,-0.027885609865188593
0,attention,Bangkok/Bangkok_0003924_2020_08_123_13.76052968481102_100.4979012510033_RkW8Ap4kPVy5-JQsESJFHw.jpg,Bangkok:3924,1,0.0,0.06540162861347198,0.05149766802787781,0.0,0.28426259756088257,0.20551848411560059,0,0,0.0,0.0,0.09110429883003235,0.05736619234085083,0,0,0.0,1,1,1.0,1,1,1.0,1,1,1.0,0.013903960585594177
0,attention,Boston/Boston_0005052_2018_06_314_42.36505539308296_-71.11298665919537_SVYFa5d_BvTs3me9F5MdaQ.jpg,Boston:5052,1,0.0,0.1992994248867035,0.09042728543281556,0.0,0.4670844078063965,0.26689921617507933,0,0,0.0,0.0,0.17830520868301392,0.07427635192871093,0,0,0.0,1,1,1.0,1,1,1.0,1,1,1.0,0.10887213945388793
0,attention,Brussels/Brussels_0001498_2014_09_230_50.84745950555936_4.325975181358101_CE61ndURNXaCmtsrU8srKw.jpg,Brussels:1498,1,0.0,0.09239360690116882,0.0454055517911911,0.0,0.18398243188858032,0.11260995864868165,0,0,0.0,0.0,0.044342994689941406,0.04616124033927917,0,0,0.0,1,1,1.0,1,1,1.0,1,1,1.0,0.04698805510997772
0,attention,Brussels/Brussels_0002724_2017_06_185_50.86295049549855_4.381024420969795_fDUHWny969o8POmoRxxfKQ.jpg,Brussels:2724,1,0.0,0.12837666273117065,0.07661517262458802,0.0,0.35254764556884766,0.2312205672264099,0,0,0.0,0.0,0.12137442827224731,0.08534823656082154,0,0,0.0,1,1,1.0,1,1,1.0,1,1,1.0,0.05176149010658264
0,attention,BuenosAires/BuenosAires_0000445_2015_04_247_-34.61242474079832_-58.37104089216279_u8kNxyh6_Oqo08onZ_feQQ.jpg,BuenosAires:445,1,0.0,0.047517046332359314,0.02876719832420349,0.0,0.364471435546875,0.13492946624755858,0,0,0.0,0.0,0.07155230641365051,0.023092097043991087,0,0,0.0,1,1,1.0,1,1,1.0,1,1,1.0,0.018749848008155823
0,attention,BuenosAires/BuenosAires_0000579_2017_07_429_-34.60614875499967_-58.41611187509191_0lI430Zj2UJo2tDtu0coQA.jpg,BuenosAires:579,1,0.0,0.07026088237762451,0.04023731648921967,0.0,0.3006131649017334,0.22179601192474366,0,0,0.0,0.0,0.04348590970039368,0.00826566219329834,0,0,0.0,1,1,1.0,1,1,1.0,1,1,1.0,0.030023565888404845
0,attention,Chicago/Chicago_0002267_2012_10_314_41.86723397280636_-87.63348817325631_hPPoQ3mRPnHOfBHE_v1AHQ.jpg,Chicago:2267,1,0.0,0.18639379739761353,0.05921153426170349,0.0,0.4182429313659668,0.22041767835617065,0,0,0.0,0.0,0.19693523645401,0.09352574944496155,0,0,0.0,1,1,1.0,1,1,1.0,1,1,1.0,0.12718226313591002
0,attention,Chicago/Chicago_0004848_2019_08_083_41.89985642907265_-87.65951792444012_DYtOaCRxdKh2fTNj0AkWVA.jpg,Chicago:4848,1,0.0,0.07486870884895325,0.07186066508293151,0.0,0.19248604774475098,0.16199216842651368,0,0,0.0,0.0,0.051952362060546875,0.061890536546707155,0,0,0.0,1,1,1.0,1,1,1.0,1,1,1.0,0.003008043766021734
0,attention,Lisbon/Lisbon_0000269_2019_09_149_38.70630249232123_-9.225974567673903_9rnWWozSFwnlWtMi0tjN6A.jpg,Lisbon:269,1,0.0,0.2366107702255249,0.13452263474464415,0.0,0.30351030826568604,0.1951500654220581,0,0,0.0,0.0,0.21624398231506348,0.11998280882835388,0,0,0.0,1,1,1.0,1,1,1.0,1,1,1.0,0.10208813548088075
0,attention,Lisbon/Lisbon_0002136_2009_06_347_38.72023594193512_-9.136975166079443_Kt5zNFxYdzLWsa_FonpyZA.jpg,Lisbon:2136,1,0.0,0.09126037359237671,0.04270269274711609,0.0,0.30243241786956787,0.1045029640197754,0,0,0.0,0.0,0.10554182529449463,0.04309062957763672,0,0,0.0,1,1,1.0,1,1,1.0,1,1,1.0,0.04855768084526062
0,attention,Lisbon/Lisbon_0002254_2018_08_125_38.72122075825323_-9.145946623180366_XtKF4_9nKqoKwbRpyxyOug.jpg,Lisbon:2254,1,0.0,0.01690012216567993,0.007607787847518921,0.0,0.27001845836639404,0.11124566793441773,0,0,0.0,0.0,0.05149531364440918,-0.00039799213409423827,0,0,0.0,1,1,1.0,1,1,1.0,1,1,1.0,0.00929233431816101
0,attention,Lisbon/Lisbon_0003286_2018_08_204_38.72961100799655_-9.134018485510492_w7lLlHb_kydcCSyjiq3YJA.jpg,Lisbon:3286,1,0.0,0.166294664144516,0.062386175990104674,0.0,0.3432474136352539,0.2082315444946289,0,0,0.0,0.0,0.15334314107894897,0.058514577150344846,0,0,0.0,1,1,1.0,1,1,1.0,1,1,1.0,0.10390848815441131
0,attention,Lisbon/Lisbon_0006805_2019_11_322_38.75718737248513_-9.165952628228716_nEJpwdYZ5tOiSVrF5b9QZw.jpg,Lisbon:6805,1,0.0,0.0017539262771606445,0.008456939458847046,0.0,0.28774505853652954,0.1360696792602539,0,0,0.0,0.0,0.04539060592651367,0.04110831618309021,0,0,0.0,1,1,1.0,1,1,1.0,1,1,1.0,-0.006703013181686401
0,attention,Lisbon/Lisbon_0008315_2020_11_257_38.76920067293263_-9.176703960741298_y3MKFZ0HiAYXUi93YCYGxw.jpg,Lisbon:8315,1,0.0,0.04286082088947296,0.03163025677204132,0.0,0.3362712860107422,0.2688597679138184,0,0,0.0,0.0,0.005507707595825195,0.024064961075782775,0,0,0.0,1,1,1.0,1,1,1.0,1,1,1.0,0.01123056411743164
0,attention,London/London_0000318_2020_11_358_51.48738834442319_-0.1592927192988385_K7CRRcqqX7sWWgEuLL8BqA.jpg,London:318,1,0.0,0.17865559458732605,0.021759971976280212,0.0,0.4369056224822998,0.1442264199256897,0,0,0.0,0.0,0.25754642486572266,0.04530149102210999,0,0,0.0,1,1,1.0,1,1,1.0,1,1,1.0,0.15689562261104584
0,attention,London/London_0000335_2016_05_067_51.48789482684779_-0.1461782484006166_BO76LUht10YEKsdQV820Dw.jpg,London:335,1,0.0,0.0022747814655303955,0.018735611438751222,0.0,0.1604858636856079,0.12042237520217895,0,0,0.0,0.0,-0.03459000587463379,-0.003970646858215332,0,0,0.0,1,1,1.0,1,1,1.0,1,1,1.0,-0.016460829973220827
0,attention,London/London_0001193_2012_08_101_51.49181398965143_-0.1518708460602027_I8f4h_8ZMt-gPEMeW4qHig.jpg,London:1193,1,0.0,0.11518299579620361,0.07134597301483155,0.0,0.2506988048553467,0.15845636129379273,0,0,0.0,0.0,0.13019531965255737,0.059792745113372806,0,0,0.0,1,1,1.0,1,1,1.0,1,1,1.0,0.04383702278137207
0,attention,London/London_0004974_2008_07_110_51.5100068580884_-0.1237108994429334_gMH1zaD6dwjZ7yNcwi_kqQ.jpg,London:4974,1,0.0,-0.03795808553695679,0.01731487512588501,0.0,0.19912195205688477,0.1311010479927063,0,0,0.0,0.0,-0.024831920862197876,0.02789720892906189,0,0,0.0,1,1,1.0,1,1,1.0,1,1,1.0,-0.0552729606628418
0,attention,London/London_0007829_2015_07_041_51.52399059065294_-0.1441573327157997_hFQVPMApSxhcZ_itBM8Tmw.jpg,London:7829,1,0.0,0.016176864504814148,-0.007739755511283875,0.0,0.2345026135444641,0.06844733953475952,0,0,0.0,0.0,0.052605271339416504,0.007460778951644898,0,0,0.0,1,1,1.0,1,1,1.0,1,1,1.0,0.023916620016098022
0,attention,LosAngeles/LosAngeles_0000754_2014_05_380_34.05245173458859_-118.2349858907372_SDujteMlaTtthehk5PzeHw.jpg,LosAngeles:754,1,0.0,0.1786309778690338,0.03348653018474579,0.0,0.3303576707839966,0.14735305309295654,0,0,0.0,0.0,0.19076809287071228,0.04220370054244995,0,0,0.0,1,1,1.0,1,1,1.0,1,1,1.0,0.14514444768428802
0,attention,Madrid/Madrid_0001058_2015_06_303_40.4122259812777_-3.700246130636049_4_GepaP2fz-eLGbr6VkoVQ.jpg,Madrid:1058,1,0.0,0.03906583786010742,0.05479220151901245,0.0,0.2995869517326355,0.16420093774795533,0,0,0.0,0.0,0.035295069217681885,0.046392858028411865,0,0,0.0,1,1,1.0,1,1,1.0,1,1,1.0,-0.015726363658905028
0,attention,Medellin/Medellin_0001270_2015_10_547_6.253760765175159_-75.55764043849227_nJ-4-BMThAfyj9RFO3asLA.jpg,Medellin:1270,1,0.0,0.19486114382743835,0.09612204730510712,0.0,0.3448042869567871,0.21768311262130738,0,0,0.0,0.0,0.18855220079421997,0.09204651713371277,0,0,0.0,1,1,1.0,1,1,1.0,1,1,1.0,0.09873909652233123
0,attention,Melbourne/Melbourne_0002721_2020_12_297_-37.8276097136056_145.005975146209_hFBqxmnfz8CyimAD48j58g.jpg,Melbourne:2721,1,0.0,0.08073940873146057,0.012300729751586914,0.0,0.2686516046524048,0.06125136613845825,0,0,0.0,0.0,0.05270242691040039,0.008043879270553589,0,0,0.0,1,1,1.0,1,1,1.0,1,1,1.0,0.06843867897987366
0,attention,Melbourne/Melbourne_0003842_2019_06_043_-37.8159344197178_144.9527839466469_EsUMIh4sTLBGQ0qzNUEeyw.jpg,Melbourne:3842,1,0.0,0.10098102688789368,0.046054571866989136,0.0,0.34977126121520996,0.15263959169387817,0,0,0.0,0.0,0.08717858791351318,0.036994540691375734,0,0,0.0,1,1,1.0,1,1,1.0,1,1,1.0,0.05492645502090454
0,attention,MexicoCity/MexicoCity_0000439_2011_07_378_19.41700482193426_-99.13953347474336_TwJrfwIgXV4gdmu2v_RwPw.jpg,MexicoCity:439,1,0.0,0.05266089737415314,0.03140575289726257,0.0,0.41668111085891724,0.20601327419281007,0,0,0.0,0.0,0.06544417142868042,0.03540195226669311,0,0,0.0,1,1,1.0,1,1,1.0,1,1,1.0,0.021255144476890565
0,attention,Miami/Miami_0002344_2015_05_343_25.74881715572547_-80.20603026970264_go2DNPFBrqj03ZbE_tIJiw.jpg,Miami:2344,1,0.0,0.07051371037960052,0.04814539551734924,0.0,0.27343177795410156,0.17311363220214843,0,0,0.0,0.0,0.039597779512405396,0.04328010082244873,0,0,0.0,1,1,1.0,1,1,1.0,1,1,1.0,0.022368314862251285
0,attention,Miami/Miami_0003076_2015_10_107_25.75448966185336_-80.22504255688351_-sAOdkAfUrF2Y2R-8Boujg.jpg,Miami:3076,1,0.0,0.1815401315689087,0.08343999981880187,0.0,0.2995239496231079,0.1843592882156372,0,0,0.0,0.0,0.1629210114479065,0.08508302569389344,0,0,0.0,1,1,1.0,1,1,1.0,1,1,1.0,0.09810013175010682
0,attention,Miami/Miami_0003184_2009_05_207_25.75569119897607_-80.24595725212107_hgz_ew2LNpwK3ncWI4M7-Q.jpg,Miami:3184,1,0.0,0.07783129811286926,0.021216976642608642,0.0,0.4075058698654175,0.2110541820526123,0,0,0.0,0.0,0.14439687132835388,0.04438797831535339,0,0,0.0,1,1,1.0,1,1,1.0,1,1,1.0,0.05661432147026062
0,attention,Miami/Miami_0003418_2015_10_305_25.75781373645987_-80.25895705092262_8CBliO0XoMBZgkGQun9JUg.jpg,Miami:3418,1,0.0,0.09972845017910004,0.019522827863693238,0.0,0.21958380937576294,0.1130692720413208,0,0,0.0,0.0,0.10825559496879578,0.01588510274887085,0,0,0.0,1,1,1.0,1,1,1.0,1,1,1.0,0.0802056223154068
0,attention,Miami/Miami_0005316_2014_03_189_25.77282574108492_-80.23811393127853_pismP-H4QBntFBYVoV5CtA.jpg,Miami:5316,1,0.0,0.20711559057235718,0.09362102150917054,0.0,0.38331329822540283,0.23805112838745118,0,3,0.0,0.0,0.17963871359825134,0.10472154021263122,0,1,0.0,1,0,1.0,1,1,1.0,1,1,1.0,0.11349456906318664
0,attention,Miami/Miami_0006062_2007_12_310_25.77859697555733_-80.2419719939299_1QEWQpGyD5wT6Z2uUWbJNQ.jpg,Miami:6062,2,0.0,-0.006828337907791138,-0.012547582387924194,0.0,0.1683797836303711,0.16294091939926147,0,0,-0.6,0.0,0.0749342143535614,0.02452896237373352,0,0,0.0,0,0,0.6,1,1,1.0,1,1,1.0,0.005719244480133057
0,attention,Miami/Miami_0007944_2009_06_314_25.79370903554045_-80.23565676016223_ByRdj6uGAvuqmeCLJ33FEg.jpg,Miami:7944,1,0.0,0.08017173409461975,0.06713144481182098,0.0,0.216059148311615,0.13768020868301392,0,0,0.0,0.0,0.061242759227752686,0.06407209038734436,0,0,0.0,1,1,1.0,1,1,1.0,1,1,1.0,0.013040289282798767
0,attention,Minneapolis/Minneapolis_0004228_2011_06_313_44.98418817920988_-93.2569366469068_iLO5p2MOvd3P3ihiwVswww.jpg,Minneapolis:4228,1,0.0,0.07462796568870544,0.05411665439605713,0.0,0.30807530879974365,0.201509690284729,0,0,0.0,0.0,0.11847496032714844,0.056825244426727296,0,0,0.0,1,1,1.0,1,1,1.0,1,1,1.0,0.020511311292648313
0,attention,Minneapolis/Minneapolis_0004527_2014_09_082_44.98729080284852_-93.2346037611254_QGU_W0Fnn1mP_TZE5cOj8Q.jpg,Minneapolis:4527,1,0.0,0.08946143090724945,0.030526265501976013,0.0,0.34239840507507324,0.22079567909240722,0,0,0.0,0.0,0.09111770987510681,0.045114994049072266,0,0,0.0,1,1,1.0,1,1,1.0,1,1,1.0,0.05893516540527344
0,attention,PRG/PRG_0001254_2017_06_212_50.06679447507942_14.49619812702815_Nxa-wtOOkuxC25VNs-GAoQ.jpg,PRG:1254,1,0.0,0.041753947734832764,0.030299827456474304,0.0,0.37248384952545166,0.16910405158996583,0,0,0.0,0.0,0.05277714133262634,0.04011316299438476,0,0,0.0,1,1,1.0,1,1,1.0,1,1,1.0,0.01145412027835846
0,attention,PRG/PRG_0001607_2017_05_325_50.0729372608779_14.48156658650924_umGJIRhK4s67KlESaKxmyQ.jpg,PRG:1607,1,0.0,0.03579947352409363,-0.015095621347427368,0.0,0.20102500915527344,0.1285816788673401,0,0,0.0,0.0,0.03920164704322815,-0.002575552463531494,0,0,0.0,1,1,1.0,1,1,1.0,1,1,1.0,0.050895094871520996
0,attention,PRG/PRG_0001726_2014_05_562_50.07604531735773_14.38727394964032_LplABiyKc4lq5cZpuMyNTQ.jpg,PRG:1726,1,0.0,0.12219870090484619,0.04875560998916626,0.0,0.37361544370651245,0.1688854932785034,0,1,0.2,0.0,0.08372920751571655,0.03172179460525513,0,1,0.2,1,0,0.8,1,1,1.0,1,1,1.0,0.07344309091567994
0,attention,PRS/PRS_0000012_2019_07_140_48.79734863971899_2.273391669131452_CnDd1MtvDCJuEiGcZ9SVWw.jpg,PRS:12,1,0.0,0.021574974060058594,0.021632373332977295,0.0,0.2637820839881897,0.168155300617218,0,0,0.0,0.0,0.06482037901878357,0.038726806640625,0,0,0.0,1,1,1.0,1,1,1.0,1,1,1.0,-5.739927291870117e-05
0,attention,PRS/PRS_0001142_2016_06_280_48.82129016906214_2.375444667349463_wVEZq-0rZXxJ06zrGVmqgg.jpg,PRS:1142,1,0.0,0.10592512786388397,0.07010655105113983,0.0,0.38224244117736816,0.22239043712615966,0,0,0.0,0.0,0.11560320854187012,0.08017528057098389,0,0,0.0,1,1,1.0,1,1,1.0,1,1,1.0,0.03581857681274414
0,attention,PRS/PRS_0001491_2016_06_389_48.83143768368858_2.265066531510018_waN70onGjB4_TBCwY47LuQ.jpg,PRS:1491,1,0.0,0.1009206622838974,0.01960359811782837,0.0,0.2529791593551636,0.17005053758621216,0,0,0.0,0.0,0.09871122241020203,0.022365182638168335,0,0,0.0,1,1,1.0,1,1,1.0,1,1,1.0,0.08131706416606903
0,attention,PRS/PRS_0002578_2019_05_425_48.85569899238281_2.293861802212219_nJdpRxcFEfHXP9ndwtuJIw.jpg,PRS:2578,1,0.0,0.015727490186691284,0.026103994250297545,0.0,0.42075467109680176,0.239948308467865,0,0,0.0,0.0,0.0057322680950164795,0.021867626905441286,0,0,0.0,1,1,1.0,1,1,1.0,1,1,1.0,-0.01037650406360626
0,attention,PRS/PRS_0004928_2014_08_515_48.90335183491303_2.439435637449179_P4KTKDxyo2u0VrYa_HAlYg.jpg,PRS:4928,1,0.0,0.11524322628974915,0.05614657700061798,0.0,0.360331654548645,0.17957671880722045,0,0,0.0,0.0,0.11656120419502258,0.05949068069458008,0,0,0.0,1,1,1.0,1,1,1.0,1,1,1.0,0.059096649289131165
0,attention,Phoenix/Phoenix_0000325_2015_06_021_33.42581825948063_-112.0850365007273_45x-7DRlWxNEN6e5y5VxUA.jpg,Phoenix:325,1,0.0,0.11686044931411743,0.03284424543380737,0.0,0.41456395387649536,0.24065958261489867,0,1,0.0,0.0,0.0998731255531311,0.06970930099487305,0,1,0.0,1,0,1.0,1,1,1.0,1,1,1.0,0.08401620388031006
0,attention,Phoenix/Phoenix_0003365_2020_12_333_33.45727603454981_-112.1172964940904_f89e0183Zih-5m5muYZMTQ.jpg,Phoenix:3365,1,0.0,0.031624406576156616,0.021124881505966187,0.0,0.28526151180267334,0.24214760065078736,0,0,0.0,0.0,0.08703824877738953,0.08285953402519226,0,0,0.0,1,1,1.0,1,1,1.0,1,1,1.0,0.010499525070190429
0,attention,Phoenix/Phoenix_0003753_2019_03_009_33.46150049290962_-112.1151121833792_LRU3HnLRpdJ087TMMObd8A.jpg,Phoenix:3753,1,0.0,0.13611090183258057,0.04854995608329773,0.0,0.43007147312164307,0.18253685235977174,0,0,0.0,0.0,0.23236539959907532,0.0962416648864746,0,0,0.0,1,1,1.0,1,1,1.0,1,1,1.0,0.08756094574928283
0,attention,Phoenix/Phoenix_0004643_2011_03_048_33.47030520799914_-112.0870178971757_lrCgbcYXIkc9o_dB51V7Mg.jpg,Phoenix:4643,1,0.0,0.02852785587310791,0.03672996163368225,0.0,0.3601232171058655,0.13790823221206666,0,0,0.0,0.0,0.09726929664611816,0.05686709880828857,0,0,0.0,1,1,1.0,1,1,1.0,1,1,1.0,-0.00820210576057434
0,attention,Phoenix/Phoenix_0005083_2008_07_275_33.47396395855898_-112.0311795323781_S_DMrKvVR8Gh8zJrnr8i9g.jpg,Phoenix:5083,4,0.0,0.09829741716384888,0.05904594659805298,0.0,0.31306326389312744,0.2257388710975647,0,196,315.4,0.0,0.11465802788734436,0.08050071150064468,0,0,0.0,0,0,0.0,1,0,0.2,1,0,0.4,0.0392514705657959
0,attention,TRT/TRT_0000659_2015_07_197_43.6575598958716_-79.36216612772633_9nwfmGZpmJNXXbwkVMwWfQ.jpg,TRT:659,1,0.0,0.26658935844898224,0.21601142287254332,0.0,0.5345156192779541,0.4614876627922058,0,0,0.0,0.0,0.22635895013809204,0.20430185794830322,0,0,0.0,1,1,1.0,1,1,1.0,1,1,1.0,0.050577935576438915
0,fused,Bangkok/Bangkok_0001023_2017_11_374_13.72635845259701_100.5497549817964_BH4eo1LncXcJKFdN_r9mQA.jpg,Bangkok:1023,1,0.0,0.16071689128875732,0.0715384840965271,0.0,0.41121727228164673,0.24726859331130982,0,0,0.0,0.0,0.1702917218208313,0.07956835031509399,0,0,0.0,1,1,1.0,1,1,1.0,1,1,1.0,0.08917840719223022
0,fused,Bangkok/Bangkok_0001913_2020_09_280_13.73731626897177_100.4846479105927_tMaJYnfZZhMWbB4Uh23oqg.jpg,Bangkok:1913,1,0.0,0.13327494263648987,0.10077889263629913,0.0,0.4685859680175781,0.34209939241409304,0,0,0.0,0.0,0.13107123970985413,0.08997932672500611,0,0,0.0,1,1,1.0,1,1,1.0,1,1,1.0,0.032496050000190735
0,fused,Bangkok/Bangkok_0003924_2020_08_123_13.76052968481102_100.4979012510033_RkW8Ap4kPVy5-JQsESJFHw.jpg,Bangkok:3924,1,0.0,0.07493415474891663,0.03700206577777863,0.0,0.2838391065597534,0.16090595722198486,0,0,0.0,0.0,0.09825429320335388,0.039787620306015015,0,0,0.0,1,1,1.0,1,1,1.0,1,1,1.0,0.037932088971138
0,fused,Boston/Boston_0005052_2018_06_314_42.36505539308296_-71.11298665919537_SVYFa5d_BvTs3me9F5MdaQ.jpg,Boston:5052,1,0.0,0.19796261191368103,0.09661314785480499,0.0,0.4704059362411499,0.2397658944129944,0,0,0.0,0.0,0.18406453728675842,0.09022706151008605,0,0,0.0,1,1,1.0,1,1,1.0,1,1,1.0,0.10134946405887604
0,fused,Brussels/Brussels_0001498_2014_09_230_50.84745950555936_4.325975181358101_CE61ndURNXaCmtsrU8srKw.jpg,Brussels:1498,1,0.0,0.1129208505153656,0.055508962273597716,0.0,0.1943495273590088,0.11751643419265748,0,0,0.0,0.0,0.06529542803764343,0.051521480083465576,0,0,0.0,1,1,1.0,1,1,1.0,1,1,1.0,0.057411888241767885
0,fused,Brussels/Brussels_0002724_2017_06_185_50.86295049549855_4.381024420969795_fDUHWny969o8POmoRxxfKQ.jpg,Brussels:2724,1,0.0,0.10656750202178955,0.062037205696105956,0.0,0.29057085514068604,0.21107473373413085,0,0,0.0,0.0,0.10424169898033142,0.0654114842414856,0,0,0.0,1,1,1.0,1,1,1.0,1,1,1.0,0.044530296325683595
0,fused,BuenosAires/BuenosAires_0000445_2015_04_247_-34.61242474079832_-58.37104089216279_u8kNxyh6_Oqo08onZ_feQQ.jpg,BuenosAires:445,1,0.0,0.08354988694190979,0.0006036639213562011,0.0,0.3440890908241272,0.2355382800102234,0,0,0.0,0.0,0.07844024896621704,0.02409158945083618,0,0,0.0,1,1,1.0,1,1,1.0,1,1,1.0,0.08294622302055359
0,fused,BuenosAires/BuenosAires_0000579_2017_07_429_-34.60614875499967_-58.41611187509191_0lI430Zj2UJo2tDtu0coQA.jpg,BuenosAires:579,1,0.0,0.06521491706371307,0.029089149832725526,0.0,0.29621750116348267,0.18661847114562988,0,0,0.0,0.0,0.036750078201293945,0.017602282762527465,0,0,0.0,1,1,1.0,1,1,1.0,1,1,1.0,0.03612576723098755
0,fused,Chicago/Chicago_0002267_2012_10_314_41.86723397280636_-87.63348817325631_hPPoQ3mRPnHOfBHE_v1AHQ.jpg,Chicago:2267,1,0.0,0.17566432058811188,0.047165167331695554,0.0,0.33539533615112305,0.15037720203399657,0,0,0.0,0.0,0.18292081356048584,0.07066417932510376,0,0,0.0,1,1,1.0,1,1,1.0,1,1,1.0,0.1284991532564163
0,fused,Chicago/Chicago_0004848_2019_08_083_41.89985642907265_-87.65951792444012_DYtOaCRxdKh2fTNj0AkWVA.jpg,Chicago:4848,1,0.0,0.11807966232299805,0.056333506107330324,0.0,0.20895934104919434,0.2148546576499939,0,0,0.0,0.0,0.08878150582313538,0.045109891891479494,0,0,0.0,1,1,1.0,1,1,1.0,1,1,1.0,0.06174615621566772
0,fused,Lisbon/Lisbon_0000269_2019_09_149_38.70630249232123_-9.225974567673903_9rnWWozSFwnlWtMi0tjN6A.jpg,Lisbon:269,1,0.0,0.2430136501789093,0.14231952428817748,0.0,0.31143730878829956,0.21699278354644774,0,0,0.0,0.0,0.22352850437164307,0.12962905168533326,0,0,0.0,1,1,1.0,1,1,1.0,1,1,1.0,0.10069412589073182
0,fused,Lisbon/Lisbon_0002136_2009_06_347_38.72023594193512_-9.136975166079443_Kt5zNFxYdzLWsa_FonpyZA.jpg,Lisbon:2136,1,0.0,0.11160752177238464,0.07365375459194183,0.0,0.27973830699920654,0.17107583284378053,0,0,0.0,0.0,0.0993642508983612,0.07010919451713563,0,0,0.0,1,1,1.0,1,1,1.0,1,1,1.0,0.03795376718044281
0,fused,Lisbon/Lisbon_0002254_2018_08_125_38.72122075825323_-9.145946623180366_XtKF4_9nKqoKwbRpyxyOug.jpg,Lisbon:2254,1,0.0,0.02056252956390381,0.007463884353637695,0.0,0.2560957074165344,0.17409037351608275,0,0,0.0,0.0,0.04814988374710083,0.024122792482376098,0,0,0.0,1,1,1.0,1,1,1.0,1,1,1.0,0.013098645210266113
0,fused,Lisbon/Lisbon_0003286_2018_08_204_38.72961100799655_-9.134018485510492_w7lLlHb_kydcCSyjiq3YJA.jpg,Lisbon:3286,1,0.0,0.17365144193172455,0.044306826591491696,0.0,0.3417840003967285,0.17052165269851685,0,0,0.0,0.0,0.15093448758125305,0.045701777935028075,0,0,0.0,1,1,1.0,1,1,1.0,1,1,1.0,0.12934461534023284
0,fused,Lisbon/Lisbon_0006805_2019_11_322_38.75718737248513_-9.165952628228716_nEJpwdYZ5tOiSVrF5b9QZw.jpg,Lisbon:6805,1,0.0,0.01841750741004944,0.03941987156867981,0.0,0.2520124316215515,0.20117515325546265,0,0,0.0,0.0,0.048178911209106445,0.06699520945549012,0,0,0.0,1,1,1.0,1,1,1.0,1,1,1.0,-0.02100236415863037
0,fused,Lisbon/Lisbon_0008315_2020_11_257_38.76920067293263_-9.176703960741298_y3MKFZ0HiAYXUi93YCYGxw.jpg,Lisbon:8315,1,0.0,0.045296892523765564,0.012131783366203307,0.0,0.3520771265029907,0.18027597665786743,0,0,0.0,0.0,0.02180156111717224,0.01132144033908844,0,0,0.0,1,1,1.0,1,1,1.0,1,1,1.0,0.03316510915756225
0,fused,London/London_0000318_2020_11_358_51.48738834442319_-0.1592927192988385_K7CRRcqqX7sWWgEuLL8BqA.jpg,London:318,1,0.0,0.1991804987192154,0.039586490392684935,0.0,0.42678892612457275,0.1425724744796753,0,0,0.0,0.0,0.2710832953453064,0.06549102067947388,0,0,0.0,1,1,1.0,1,1,1.0,1,1,1.0,0.15959400832653045
0,fused,London/London_0000335_2016_05_067_51.48789482684779_-0.1461782484006166_BO76LUht10YEKsdQV820Dw.jpg,London:335,1,0.0,0.026287436485290527,0.01898060441017151,0.0,0.14893460273742676,0.1202467918395996,0,0,0.0,0.0,-0.022461295127868652,-0.0096488356590271,0,0,0.0,1,1,1.0,1,1,1.0,1,1,1.0,0.007306832075119018
0,fused,London/London_0001193_2012_08_101_51.49181398965143_-0.1518708460602027_I8f4h_8ZMt-gPEMeW4qHig.jpg,London:1193,1,0.0,0.09723031520843506,0.07221386432647706,0.0,0.20682430267333984,0.14409079551696777,0,0,0.0,0.0,0.09751635789871216,0.06359378099441529,0,0,0.0,1,1,1.0,1,1,1.0,1,1,1.0,0.025016450881958002
0,fused,London/London_0004974_2008_07_110_51.5100068580884_-0.1237108994429334_gMH1zaD6dwjZ7yNcwi_kqQ.jpg,London:4974,1,0.0,-0.030555903911590576,0.011572062969207764,0.0,0.19537568092346191,0.13586848974227905,0,0,0.0,0.0,-0.016568154096603394,0.021915316581726074,0,0,0.0,1,1,1.0,1,1,1.0,1,1,1.0,-0.04212796688079834
0,fused,London/London_0007829_2015_07_041_51.52399059065294_-0.1441573327157997_hFQVPMApSxhcZ_itBM8Tmw.jpg,London:7829,1,0.0,0.06427177786827087,0.03422772586345672,0.0,0.2975529432296753,0.21850599050521852,0,0,0.0,0.0,0.10788962244987488,0.06456560492515565,0,0,0.0,1,1,1.0,1,1,1.0,1,1,1.0,0.03004405200481415
0,fused,LosAngeles/LosAngeles_0000754_2014_05_380_34.05245173458859_-118.2349858907372_SDujteMlaTtthehk5PzeHw.jpg,LosAngeles:754,1,0.0,0.17193736135959625,0.024680125713348388,0.0,0.3257334232330322,0.16579185724258422,0,0,0.0,0.0,0.18002007901668549,0.04602975845336914,0,0,0.0,1,1,1.0,1,1,1.0,1,1,1.0,0.14725723564624787
0,fused,Madrid/Madrid_0001058_2015_06_303_40.4122259812777_-3.700246130636049_4_GepaP2fz-eLGbr6VkoVQ.jpg,Madrid:1058,1,0.0,0.07488128542900085,0.04163485765457153,0.0,0.23876738548278809,0.05306166410446167,0,0,0.0,0.0,0.06948885321617126,0.03292086124420166,0,0,0.0,1,1,1.0,1,1,1.0,1,1,1.0,0.03324642777442932
0,fused,Medellin/Medellin_0001270_2015_10_547_6.253760765175159_-75.55764043849227_nJ-4-BMThAfyj9RFO3asLA.jpg,Medellin:1270,1,0.0,0.16382738947868347,0.07807368636131287,0.0,0.3228803277015686,0.19219012260437013,0,0,0.0,0.0,0.1536238193511963,0.07113704085350037,0,0,0.0,1,1,1.0,1,1,1.0,1,1,1.0,0.0857537031173706
0,fused,Melbourne/Melbourne_0002721_2020_12_297_-37.8276097136056_145.005975146209_hFBqxmnfz8CyimAD48j58g.jpg,Melbourne:2721,1,0.0,0.07079538702964783,0.015564358234405518,0.0,0.27744030952453613,0.10185453891754151,0,0,0.0,0.0,0.04273417592048645,0.006290590763092041,0,0,0.0,1,1,1.0,1,1,1.0,1,1,1.0,0.05523102879524231
0,fused,Melbourne/Melbourne_0003842_2019_06_043_-37.8159344197178_144.9527839466469_EsUMIh4sTLBGQ0qzNUEeyw.jpg,Melbourne:3842,1,0.0,0.10419437289237976,0.07240496575832367,0.0,0.3367425203323364,0.19536683559417725,0,0,0.0,0.0,0.11441227793693542,0.07244154810905457,0,0,0.0,1,1,1.0,1,1,1.0,1,1,1.0,0.03178940713405609
0,fused,MexicoCity/MexicoCity_0000439_2011_07_378_19.41700482193426_-99.13953347474336_TwJrfwIgXV4gdmu2v_RwPw.jpg,MexicoCity:439,1,0.0,0.037122488021850586,0.038392874598503116,0.0,0.4190938472747803,0.29574553966522216,0,0,0.0,0.0,0.050247132778167725,0.049222546815872195,0,0,0.0,1,1,1.0,1,1,1.0,1,1,1.0,-0.0012703865766525296
0,fused,Miami/Miami_0002344_2015_05_343_25.74881715572547_-80.20603026970264_go2DNPFBrqj03ZbE_tIJiw.jpg,Miami:2344,1,0.0,0.05245986580848694,0.05019347369670868,0.0,0.264178991317749,0.15555381774902344,0,0,0.0,0.0,0.021858155727386475,0.05564837455749512,0,0,0.0,1,1,1.0,1,1,1.0,1,1,1.0,0.0022663921117782593
0,fused,Miami/Miami_0003076_2015_10_107_25.75448966185336_-80.22504255688351_-sAOdkAfUrF2Y2R-8Boujg.jpg,Miami:3076,1,0.0,0.23928934335708618,0.07121883034706115,0.0,0.359830379486084,0.17810069322586058,0,1,0.0,0.0,0.20653533935546875,0.08657180070877075,0,1,0.0,1,0,1.0,1,1,1.0,1,1,1.0,0.168070513010025
0,fused,Miami/Miami_0003184_2009_05_207_25.75569119897607_-80.24595725212107_hgz_ew2LNpwK3ncWI4M7-Q.jpg,Miami:3184,1,0.0,0.11537986993789673,0.01857140064239502,0.0,0.3523401618003845,0.11844485998153687,0,1,0.0,0.0,0.12523314356803894,0.027471381425857543,0,1,0.0,1,0,1.0,1,1,1.0,1,1,1.0,0.09680846929550171
0,fused,Miami/Miami_0003418_2015_10_305_25.75781373645987_-80.25895705092262_8CBliO0XoMBZgkGQun9JUg.jpg,Miami:3418,1,0.0,0.09689904749393463,0.049112462997436525,0.0,0.22506588697433472,0.1672997832298279,0,0,0.0,0.0,0.09169921278953552,0.05099099278450012,0,0,0.0,1,1,1.0,1,1,1.0,1,1,1.0,0.047786584496498107
0,fused,Miami/Miami_0005316_2014_03_189_25.77282574108492_-80.23811393127853_pismP-H4QBntFBYVoV5CtA.jpg,Miami:5316,1,0.0,0.22633051872253418,0.08287333250045777,0.0,0.3945810794830322,0.16662189960479737,0,4,0.0,0.0,0.21013274788856506,0.07639062404632568,0,1,0.0,1,0,1.0,1,1,1.0,1,1,1.0,0.14345718622207643
0,fused,Miami/Miami_0006062_2007_12_310_25.77859697555733_-80.2419719939299_1QEWQpGyD5wT6Z2uUWbJNQ.jpg,Miami:6062,2,0.0,0.0038176774978637695,-0.011038470268249511,0.0,0.15574568510055542,0.1290775418281555,0,0,-0.8,0.0,0.020703375339508057,0.004941463470458984,0,0,0.0,0,0,0.8,1,1,1.0,1,1,1.0,0.01485614776611328
0,fused,Miami/Miami_0007944_2009_06_314_25.79370903554045_-80.23565676016223_ByRdj6uGAvuqmeCLJ33FEg.jpg,Miami:7944,1,0.0,0.0856691300868988,0.05521973669528961,0.0,0.2319040298461914,0.12811436653137206,0,0,0.0,0.0,0.08883166313171387,0.052083569765090945,0,0,0.0,1,1,1.0,1,1,1.0,1,1,1.0,0.030449393391609195
0,fused,Minneapolis/Minneapolis_0004228_2011_06_313_44.98418817920988_-93.2569366469068_iLO5p2MOvd3P3ihiwVswww.jpg,Minneapolis:4228,1,0.0,0.0019418895244598389,0.024840658903121947,0.0,0.3007197976112366,0.16363966464996338,0,0,0.0,0.0,0.07154837250709534,0.038328468799591064,0,0,0.0,1,1,1.0,1,1,1.0,1,1,1.0,-0.022898769378662108
0,fused,Minneapolis/Minneapolis_0004527_2014_09_082_44.98729080284852_-93.2346037611254_QGU_W0Fnn1mP_TZE5cOj8Q.jpg,Minneapolis:4527,1,0.0,0.09900622069835663,0.029593876004219054,0.0,0.33019113540649414,0.16309324502944947,0,0,0.0,0.0,0.09269806742668152,0.0401797890663147,0,0,0.0,1,1,1.0,1,1,1.0,1,1,1.0,0.06941234469413757
0,fused,PRG/PRG_0001254_2017_06_212_50.06679447507942_14.49619812702815_Nxa-wtOOkuxC25VNs-GAoQ.jpg,PRG:1254,1,0.0,0.09327185153961182,0.04541527032852173,0.0,0.35118043422698975,0.17978963851928711,0,0,0.0,0.0,0.061704784631729126,0.05578980445861816,0,0,0.0,1,1,1.0,1,1,1.0,1,1,1.0,0.047856581211090085
0,fused,PRG/PRG_0001607_2017_05_325_50.0729372608779_14.48156658650924_umGJIRhK4s67KlESaKxmyQ.jpg,PRG:1607,1,0.0,0.011851772665977478,-0.02789067029953003,0.0,0.20067143440246582,0.1358850598335266,0,0,0.0,0.0,0.04328244924545288,0.002711230516433716,0,0,0.0,1,1,1.0,1,1,1.0,1,1,1.0,0.03974244296550751
0,fused,PRG/PRG_0001726_2014_05_562_50.07604531735773_14.38727394964032_LplABiyKc4lq5cZpuMyNTQ.jpg,PRG:1726,1,0.0,0.12756194174289703,0.04495167136192322,0.0,0.37466633319854736,0.2101978540420532,0,1,0.0,0.0,0.09237723052501678,0.02801220417022705,0,1,0.0,1,0,1.0,1,1,1.0,1,1,1.0,0.08261027038097382
0,fused,PRS/PRS_0000012_2019_07_140_48.79734863971899_2.273391669131452_CnDd1MtvDCJuEiGcZ9SVWw.jpg,PRS:12,1,0.0,0.005121350288391113,0.01023450493812561,0.0,0.2612771987915039,0.14162883758544922,0,0,0.0,0.0,0.043520718812942505,0.024769973754882813,0,0,0.0,1,1,1.0,1,1,1.0,1,1,1.0,-0.005113154649734497
0,fused,PRS/PRS_0001142_2016_06_280_48.82129016906214_2.375444667349463_wVEZq-0rZXxJ06zrGVmqgg.jpg,PRS:1142,1,0.0,0.12892359495162964,0.03431856334209442,0.0,0.3444103002548218,0.1871361494064331,0,0,0.0,0.0,0.12860018014907837,0.03909823894500732,0,0,0.0,1,1,1.0,1,1,1.0,1,1,1.0,0.09460503160953522
0,fused,PRS/PRS_0001491_2016_06_389_48.83143768368858_2.265066531510018_waN70onGjB4_TBCwY47LuQ.jpg,PRS:1491,1,0.0,0.13412705063819885,0.05602226853370666,0.0,0.2571767568588257,0.23030941486358641,0,0,0.0,0.0,0.12643855810165405,0.06259591579437256,0,0,0.0,1,1,1.0,1,1,1.0,1,1,1.0,0.07810478210449219
0,fused,PRS/PRS_0002578_2019_05_425_48.85569899238281_2.293861802212219_nJdpRxcFEfHXP9ndwtuJIw.jpg,PRS:2578,1,0.0,0.020101815462112427,0.04340995252132416,0.0,0.40594053268432617,0.24656881093978883,0,0,0.0,0.0,0.011719852685928345,0.046389994025230405,0,0,0.0,1,1,1.0,1,1,1.0,1,1,1.0,-0.023308137059211732
0,fused,PRS/PRS_0004928_2014_08_515_48.90335183491303_2.439435637449179_P4KTKDxyo2u0VrYa_HAlYg.jpg,PRS:4928,1,0.0,0.12956970930099487,0.0714728832244873,0.0,0.37464475631713867,0.2702742576599121,0,0,0.0,0.0,0.1189265251159668,0.0828973650932312,0,0,0.0,1,1,1.0,1,1,1.0,1,1,1.0,0.05809682607650757
0,fused,Phoenix/Phoenix_0000325_2015_06_021_33.42581825948063_-112.0850365007273_45x-7DRlWxNEN6e5y5VxUA.jpg,Phoenix:325,1,0.0,0.09262987971305847,0.002402108907699585,0.0,0.424511194229126,0.2318749189376831,0,0,0.0,0.0,0.06756311655044556,0.0481564462184906,0,0,0.0,1,1,1.0,1,1,1.0,1,1,1.0,0.09022777080535889
0,fused,Phoenix/Phoenix_0003365_2020_12_333_33.45727603454981_-112.1172964940904_f89e0183Zih-5m5muYZMTQ.jpg,Phoenix:3365,1,0.0,0.0743107795715332,2.9283761978149415e-05,0.0,0.30396008491516113,0.19302768707275392,0,0,0.2,0.0,0.13265371322631836,0.05548210740089417,0,0,0.2,1,1,0.8,1,1,1.0,1,1,1.0,0.07428149580955505
0,fused,Phoenix/Phoenix_0003753_2019_03_009_33.46150049290962_-112.1151121833792_LRU3HnLRpdJ087TMMObd8A.jpg,Phoenix:3753,1,0.0,0.13546952605247498,0.04205234050750732,0.0,0.40490663051605225,0.1803358793258667,0,0,0.0,0.0,0.20342594385147095,0.08739718198776245,0,0,0.0,1,1,1.0,1,1,1.0,1,1,1.0,0.09341718554496765
0,fused,Phoenix/Phoenix_0004643_2011_03_048_33.47030520799914_-112.0870178971757_lrCgbcYXIkc9o_dB51V7Mg.jpg,Phoenix:4643,1,0.0,0.03286910057067871,0.013292938470840454,0.0,0.35607123374938965,0.14800959825515747,0,0,0.0,0.0,0.11349791288375854,0.041362464427948,0,0,0.0,1,1,1.0,1,1,1.0,1,1,1.0,0.019576162099838257
0,fused,Phoenix/Phoenix_0005083_2008_07_275_33.47396395855898_-112.0311795323781_S_DMrKvVR8Gh8zJrnr8i9g.jpg,Phoenix:5083,4,0.0,0.07479919493198395,0.013165223598480224,0.0,0.32110846042633057,0.16163010597229005,0,105,13.6,0.0,0.09926317632198334,0.030428850650787355,0,0,0.0,0,0,0.0,1,0,0.4,1,0,0.4,0.06163397133350372
0,fused,TRT/TRT_0000659_2015_07_197_43.6575598958716_-79.36216612772633_9nwfmGZpmJNXXbwkVMwWfQ.jpg,TRT:659,1,0.0,0.24733592569828033,0.17861233949661254,0.0,0.5440490245819092,0.37158459424972534,0,0,0.0,0.0,0.2425823211669922,0.1716555953025818,0,0,0.0,1,1,1.0,1,1,1.0,1,1,1.0,0.0687235862016678
1,attention,Bangkok/Bangkok_0000498_2016_10_438_13.72009416131538_100.5489865502233_c4cAnCTk4h7M8-TXtf73IA.jpg,Bangkok:498,1,0.0,0.0034825503826141357,0.019593247771263124,0.0,0.341124951839447,0.21726127862930297,0,0,0.0,0.0,0.1050773561000824,0.06824014186859131,0,0,0.0,1,1,1.0,1,1,1.0,1,1,1.0,-0.016110697388648988
1,attention,Bangkok/Bangkok_0001242_2017_05_368_13.72927792900936_100.5056863190026_3hejvgCpEwFxwQknvxtlhQ.jpg,Bangkok:1242,1,0.0,0.11239027976989746,0.07799833714962005,0.0,0.38659048080444336,0.3128437876701355,0,0,0.0,0.0,0.09571993350982666,0.07715978026390076,0,0,0.0,1,1,1.0,1,1,1.0,1,1,1.0,0.03439194262027741
1,attention,Bangkok/Bangkok_0002687_2020_08_313_13.74498854684226_100.5576948974601_S16hJh73PdCmM3QjuCcYQQ.jpg,Bangkok:2687,1,0.0,0.10728517174720764,0.04525609612464905,0.0,0.2755347490310669,0.17820820808410645,0,0,0.0,0.0,0.08752113580703735,0.05041964650154114,0,0,0.0,1,1,1.0,1,1,1.0,1,1,1.0,0.06202907562255859
1,attention,Bangkok/Bangkok_0002966_2017_06_078_13.74927584591671_100.4897897808369_rVd4ebOUkx1eTpqAVNmB1g.jpg,Bangkok:2966,1,0.0,0.07057568430900574,0.003404134511947632,0.0,0.22723770141601562,0.14151418209075928,0,0,0.0,0.0,0.05944904685020447,0.0103512704372406,0,0,0.0,1,1,1.0,1,1,1.0,1,1,1.0,0.06717154979705811
1,attention,Boston/Boston_0004703_2011_08_043_42.36189791153724_-71.1107288680639_ojR--GadNeGZM1k6mcOH9Q.jpg,Boston:4703,1,0.0,0.07122927904129028,0.0032381236553192137,0.0,0.27787184715270996,0.24108717441558838,0,0,0.0,0.0,0.060236960649490356,0.010981428623199462,0,0,0.0,1,1,1.0,1,1,1.0,1,1,1.0,0.06799115538597107
1,attention,Boston/Boston_0006571_2011_11_297_42.37791649963948_-71.11628167105206_W7PXaWBO0V7kne0DJX3Mzw.jpg,Boston:6571,1,0.0,-0.006309136748313904,-0.024119943380355835,0.0,0.17972338199615479,0.15348182916641234,0,0,0.0,0.0,0.020472735166549683,-0.007529991865158081,0,0,0.0,1,1,1.0,1,1,1.0,1,1,1.0,0.01781080663204193
1,attention,Brussels/Brussels_0002530_2019_03_030_50.86089065277829_4.341250613701981_SSy991jO3fV9zStrBxi8hw.jpg,Brussels:2530,1,0.0,0.13788656890392303,0.00682448148727417,0.0,0.38920825719833374,0.12040529251098633,0,58,0.0,0.0,0.15111279487609863,0.005641838908195496,0,1,0.0,1,0,1.0,1,0,1.0,1,0,1.0,0.13106208741664888
1,attention,BuenosAires/BuenosAires_0000297_2016_10_428_-34.61652537485935_-58.40848909044821_ssL5FkI4IJVJvP9bnQUa8A.jpg,BuenosAires:297,1,0.0,0.035566240549087524,0.05831585228443146,0.0,0.21822643280029297,0.2161683201789856,0,0,0.0,0.0,0.04680797457695007,0.05196430087089539,0,0,0.0,1,1,1.0,1,1,1.0,1,1,1.0,-0.022749611735343934
1,attention,BuenosAires/BuenosAires_0001247_2016_11_463_-34.58180590773821_-58.39880540419779_rttMoDn2b4n1aI8kmbpVLA.jpg,BuenosAires:1247,1,0.0,0.011122390627861023,-0.010656875371932984,0.0,0.32542240619659424,0.11890256404876709,0,0,0.0,0.0,0.005435645580291748,-0.013564354181289673,0,0,0.0,1,1,1.0,1,1,1.0,1,1,1.0,0.021779265999794007
1,attention,Chicago/Chicago_0000010_2018_06_060_41.83751876577746_-87.67836197229565_L4l2bUV5Z-GnCjMKcTVbtA.jpg,Chicago:10,1,0.0,0.13270580768585205,0.046121847629547116,0.0,0.2654684782028198,0.14535307884216309,0,1,0.2,0.0,0.03599345684051514,0.0113625168800354,0,1,0.2,1,0,0.8,1,1,1.0,1,1,1.0,0.08658396005630493
1,attention,Chicago/Chicago_0002686_2017_10_316_41.87281236274688_-87.68629301064442_Z7l1UjUsmFbOaVl5s7pOdw.jpg,Chicago:2686,1,0.0,0.1041034609079361,0.08275598883628846,0.0,0.40182822942733765,0.21693150997161864,0,0,0.0,0.0,0.08959925174713135,0.06785553097724914,0,0,0.0,1,1,1.0,1,1,1.0,1,1,1.0,0.02134747207164764
1,attention,Chicago/Chicago_0003185_2016_10_232_41.87894460160553_-87.66347422080628_gY6oF-Gm6J_r9kmHXsjl2A.jpg,Chicago:3185,1,0.0,0.03923538327217102,0.008097493648529052,0.0,0.1107093095779419,0.0763742446899414,0,0,0.0,0.0,0.03726515173912048,0.014692491292953492,0,0,0.0,1,1,1.0,1,1,1.0,1,1,1.0,0.031137889623641966
1,attention,Chicago/Chicago_0004118_2009_04_023_41.89078788764298_-87.67846180650729_QQc2tRCnFoctNnQ_qG27OA.jpg,Chicago:4118,1,0.0,0.1928592324256897,0.08196131587028503,0.0,0.3990563750267029,0.2181193232536316,0,0,0.0,0.0,0.23566141724586487,0.08966149687767029,0,0,0.0,1,1,1.0,1,1,1.0,1,1,1.0,0.11089791655540467
1,attention,Chicago/Chicago_0004490_2017_10_353_41.89499355426129_-87.62251936077243_KDjERcQy8ruBiuDSGylNqA.jpg,Chicago:4490,1,0.0,0.11650615930557251,0.06602620482444763,0.0,0.30115389823913574,0.15168088674545288,0,0,0.0,0.0,0.14324814081192017,0.06372092962265015,0,0,0.0,1,1,1.0,1,1,1.0,1,1,1.0,0.050479954481124883
1,attention,Chicago/Chicago_0005778_2015_11_111_41.9118464606984_-87.67747607216828_J0iBmR6wp5XuJipt4Lem5A.jpg,Chicago:5778,7,0.0,-0.07004976272583008,-0.028965288400650026,0.0,0.2715761065483093,0.1361505389213562,0,1,9.2,0.0,0.009285926818847656,-0.005243074893951416,0,0,0.0,0,0,0.0,0,0,0.6,1,1,0.8,-0.04108447432518005
1,attention,Lisbon/Lisbon_0000307_2014_08_109_38.70594976253807_-9.187956813133654_1uhn5b859hKFDJcz7aTLgQ.jpg,Lisbon:307,1,0.0,0.14168334007263184,0.10045918226242065,0.0,0.23439663648605347,0.20833407640457152,0,0,0.0,0.0,0.14664876461029053,0.10063598155975342,0,0,0.0,1,1,1.0,1,1,1.0,1,1,1.0,0.04122415781021119
1,attention,Lisbon/Lisbon_0000960_2009_08_182_38.71120662095573_-9.17000257412647_X-OiTtFJj9pcYCCDsvQFOg.jpg,Lisbon:960,1,0.0,0.07200190424919128,0.024787768721580505,0.0,0.3964993953704834,0.1639914631843567,0,1,0.0,0.0,0.07305215299129486,0.031058651208877564,0,1,0.0,1,0,1.0,1,1,1.0,1,1,1.0,0.04721413552761078
1,attention,Lisbon/Lisbon_0001803_2018_07_173_38.7178493069778_-9.215787008891224_BQ5Ew5_-qg006MPR_pXAUw.jpg,Lisbon:1803,1,0.0,-0.038371652364730835,0.0037019968032836912,0.0,0.4201023578643799,0.3168050408363342,0,0,0.0,0.0,0.08275341987609863,0.06872736215591431,0,0,0.0,1,1,1.0,1,1,1.0,1,1,1.0,-0.042073649168014524
1,attention,Lisbon/Lisbon_0002518_2018_08_085_38.72336946318189_-9.136007255060465_f6GMaNuM_Mp0bVVGTpdZXw.jpg,Lisbon:2518,21,0.0,0.025026172399520874,0.027312400937080383,0.0,0.1879240870475769,0.15265654325485228,0,-3,25.0,0.0,0.01786947250366211,0.03437717854976654,0,0,0.0,0,0,0.0,0,0,0.0,0,0,0.2,-0.0022862285375595086
1,attention,Lisbon/Lisbon_0002878_2009_08_166_38.72628004068211_-9.161018867670885_3dlH6pO_qnGGq6yoO1Ediw.jpg,Lisbon:2878,1,0.0,0.09284916520118713,0.04664411246776581,0.0,0.4219381809234619,0.18243316411972046,0,0,0.0,0.0,0.10847479104995728,0.038718956708908084,0,0,0.0,1,1,1.0,1,1,1.0,1,1,1.0,0.04620505273342133
1,attention,Lisbon/Lisbon_0003123_2009_06_049_38.72826258534669_-9.164996249525506_IdVG1Hoc92Y2wOGGN-4MWA.jpg,Lisbon:3123,1,0.0,0.06023719906806946,0.0816674143075943,0.0,0.26618993282318115,0.19500614404678346,0,0,0.0,0.0,0.06821945309638977,0.0934113621711731,0,0,0.0,1,1,1.0,1,1,1.0,1,1,1.0,-0.021430215239524847
1,attention,London/London_0000881_2016_08_079_51.49052279418894_-0.1678955496967318_mRwJxlDODHDJQW9KlujLyA.jpg,London:881,1,0.0,-0.012297868728637695,0.016574627161026,0.0,0.11204135417938232,0.11077146530151367,0,0,0.0,0.0,0.025429129600524902,0.022340154647827147,0,0,0.0,1,1,1.0,1,1,1.0,1,1,1.0,-0.028872495889663695
1,attention,London/London_0004801_2009_08_272_51.50907263310649_-0.1458233007158824_5Udkc0LssatATzP14hIPkQ.jpg,London:4801,1,0.0,0.0656013935804367,0.029397574067115784,0.0,0.25633299350738525,0.13592169284820557,0,0,0.0,0.0,0.028743207454681396,0.01913357973098755,0,0,0.0,1,1,1.0,1,1,1.0,1,1,1.0,0.036203819513320926
1,attention,LosAngeles/LosAngeles_0000446_2016_10_264_34.04407779332197_-118.255182669294_Au6f3n9dq5-ZkJ8MOcIzrQ.jpg,LosAngeles:446,3,0.0,0.03027358651161194,0.019178718328475952,0.0,0.32118284702301025,0.19924298524856568,0,0,-0.6,0.0,-0.022606968879699707,0.0010945647954940796,0,0,0.0,0,0,0.0,1,1,1.0,1,1,1.0,0.011094868183135986
1,attention,Medellin/Medellin_0000612_2013_12_311_6.241935344901555_-75.57949806687454_fFhxiiV9eZ7T1eDmO8zxOg.jpg,Medellin:612,1,0.0,0.11457058787345886,0.005501458048820495,0.0,0.3799510598182678,0.12394505739212036,0,0,0.0,0.0,0.15162532031536102,0.020679944753646852,0,0,0.0,1,1,1.0,1,1,1.0,1,1,1.0,0.10906912982463837
1,attention,Melbourne/Melbourne_0002577_2019_07_279_-37.82889784850852_144.9587471657209_qRoNemVXpFvZn01ASChe9w.jpg,Melbourne:2577,1,0.0,0.10262933373451233,0.019933158159255983,0.0,0.32252728939056396,0.10397675037384033,0,0,0.0,0.0,0.0821349024772644,0.025580763816833496,0,0,0.0,1,1,1.0,1,1,1.0,1,1,1.0,0.08269617557525635
1,attention,Melbourne/Melbourne_0005898_2019_07_222_-37.79479919690841_144.944888341501_kY83K8CiihOvyy1-2vXj4Q.jpg,Melbourne:5898,1,0.0,0.02455654740333557,0.07229684293270111,0.0,0.2361401915550232,0.14717646837234497,0,0,0.0,0.0,0.011484503746032715,0.07442477941513062,0,0,0.0,1,1,1.0,1,1,1.0,1,1,1.0,-0.04774029552936554
1,attention,MexicoCity/MexicoCity_0000547_2015_01_266_19.42405929995902_-99.18134064792606_DZZOowbIJ4MvNNNkeIhAsg.jpg,MexicoCity:547,1,0.0,0.049276769161224365,0.05469233989715576,0.0,0.1878591775894165,0.17737963199615478,0,0,0.0,0.0,0.041241228580474854,0.059239542484283446,0,0,0.0,1,1,1.0,1,1,1.0,1,1,1.0,-0.005415570735931394
1,attention,MexicoCity/MexicoCity_0000747_2014_11_653_19.43186670707519_-99.18641776793147_KwkMAV_mTO0vpOWlSiFo0w.jpg,MexicoCity:747,1,0.0,0.05366009473800659,0.03472811877727509,0.0,0.14302915334701538,0.1413859248161316,0,0,0.0,0.0,0.01641106605529785,0.017843359708786012,0,0,0.0,1,1,1.0,1,1,1.0,1,1,1.0,0.018931975960731505
1,attention,MexicoCity/MexicoCity_0000831_2017_01_421_19.43490016438329_-99.16351756404356_UXlwW-S6Epmp3t7N831QEA.jpg,MexicoCity:831,1,0.0,0.09204070270061493,0.06809518039226532,0.0,0.40261948108673096,0.31402299404144285,0,0,2.8,0.0,0.08963081240653992,0.079266357421875,0,0,0.2,1,1,0.8,1,1,0.8,1,1,0.8,0.023945522308349607
1,attention,Miami/Miami_0001396_2018_04_116_25.74180569451551_-80.28432920772919_0ByBlRPYNF4yHQ47sFy7nQ.jpg,Miami:1396,1,0.0,0.04598918557167053,0.059294283390045166,0.0,0.27701008319854736,0.2366608500480652,0,0,0.0,0.0,0.08185166120529175,0.07962331175804138,0,0,0.0,1,1,1.0,1,1,1.0,1,1,1.0,-0.013305097818374634
1,attention,Minneapolis/Minneapolis_0000181_2013_08_170_44.9393019199174_-93.2089173792444_Pvm455jFuSx8A_s9c896cQ.jpg,Minneapolis:181,1,0.0,0.04313027858734131,0.038033944368362424,0.0,0.31153517961502075,0.1618329644203186,0,0,0.0,0.0,0.06317543983459473,0.05228988528251648,0,0,0.0,1,1,1.0,1,1,1.0,1,1,1.0,0.005096334218978885
1,attention,Minneapolis/Minneapolis_0000352_2019_06_110_44.94140331063444_-93.2201476525162_3Y6xx0QGKxhcfCQI-FWTyg.jpg,Minneapolis:352,1,0.0,0.007185518741607666,0.03752662539482117,0.0,0.3244030475616455,0.18689740896224977,0,0,0.8,0.0,0.06102389097213745,0.043616306781768796,0,0,0.8,1,1,0.2,1,1,1.0,1,1,1.0,-0.030341106653213504
1,attention,OSL/OSL_0003384_2019_10_406_59.94111253680821_10.76223998360457_QNUZzkgxpPos6rHM1FrQig.jpg,OSL:3384,1,0.0,0.08255119621753693,0.02255769968032837,0.0,0.32153570652008057,0.11623344421386719,0,0,0.0,0.0,0.08675482869148254,0.039009207487106325,0,0,0.0,1,1,1.0,1,1,1.0,1,1,1.0,0.059993496537208556
1,attention,OSL/OSL_0003765_2019_10_187_59.94514003859832_10.77838887350404_0Uzd6_xRwh7rLPBk8yRw1A.jpg,OSL:3765,1,0.0,0.14222638309001923,0.13249490261077881,0.0,0.3118065595626831,0.2588888883590698,0,0,0.0,0.0,0.14701852202415466,0.12445450723171234,0,0,0.0,1,1,1.0,1,1,1.0,1,1,1.0,0.009731480479240412
1,attention,Osaka/Osaka_0002129_2016_06_370_34.68015766213297_135.472095364613_0llLMANL5DEKySzoh8b0qA.jpg,Osaka:2129,1,0.0,0.19073140621185303,0.11510013937950134,0.0,0.29946768283843994,0.22371232509613037,0,0,0.0,0.0,0.1604914665222168,0.12552369832992555,0,0,0.0,1,1,1.0,1,1,1.0,1,1,1.0,0.07563126683235169
1,attention,Osaka/Osaka_0002479_2009_10_024_34.6862724058969_135.4719685455134_llBxSu0ehWQgPty0t_zxEQ.jpg,Osaka:2479,1,0.0,0.0877317488193512,0.12436784505844116,0.0,0.3136070966720581,0.26068423986434935,0,0,0.0,0.0,0.0620475709438324,0.11662919521331787,0,0,0.0,1,1,1.0,1,1,1.0,1,1,1.0,-0.03663609623908996
1,attention,PRG/PRG_0001216_2012_04_290_50.06665816039804_14.40980554382894_Jk-pvXjSWsUojVvlMdD6gA.jpg,PRG:1216,1,0.0,0.015633299946784973,0.013900014758110046,0.0,0.2385053038597107,0.14172346591949464,0,0,0.0,0.0,0.018545866012573242,0.015530133247375488,0,0,0.0,1,1,1.0,1,1,1.0,1,1,1.0,0.0017332851886749275
1,attention,PRG/PRG_0001252_2019_07_258_50.06663473592907_14.4928424006106_ciOfW2OggDE1V_LH7bSO1A.jpg,PRG:1252,1,0.0,0.042479872703552246,0.025677239894866942,0.0,0.18560147285461426,0.17985379695892334,0,0,0.0,0.0,0.06923002004623413,0.05586667656898499,0,0,0.0,1,1,1.0,1,1,1.0,1,1,1.0,0.016802632808685304
1,attention,PRS/PRS_0003451_2012_08_133_48.87325336498916_2.307285056069851_gg9wj5Cx8HlOlQoJKaXkDg.jpg,PRS:3451,1,0.0,0.13484928011894226,0.055135476589202884,0.0,0.3482537269592285,0.2399463176727295,0,0,0.0,0.0,0.08586421608924866,0.029074496030807494,0,0,0.0,1,1,1.0,1,1,1.0,1,1,1.0,0.07971380352973938
1,attention,PRS/PRS_0004507_2011_05_199_48.89512204163078_2.208915502657871_Jw59MiFEyf_VG958qC9wZA.jpg,PRS:4507,1,0.0,0.07359229028224945,0.02099679410457611,0.0,0.4914203882217407,0.3437524318695068,0,0,0.0,0.0,0.07303506135940552,0.017863261699676513,0,0,0.0,1,1,1.0,1,1,1.0,1,1,1.0,0.05259549617767334
1,attention,Phoenix/Phoenix_0000357_2018_05_268_33.42524998962075_-112.0521742629126_DbMpKVUvTiga-OmYglVZcw.jpg,Phoenix:357,1,0.0,0.06837809085845947,0.02292112112045288,0.0,0.37321895360946655,0.1366629719734192,0,0,0.0,0.0,-0.006143659353256226,0.014034730195999146,0,0,0.0,1,1,1.0,1,1,1.0,1,1,1.0,0.04545696973800659
1,attention,Phoenix/Phoenix_0004383_2011_03_098_33.46755977608167_-112.0571141903428_BJ6H6arU3t2O0bMGgue_Xw.jpg,Phoenix:4383,1,0.0,0.0331667959690094,0.002211230993270874,0.0,0.20698320865631104,0.12001708745956421,0,0,0.0,0.0,0.050996214151382446,0.007590967416763306,0,0,0.0,1,1,1.0,1,1,1.0,1,1,1.0,0.030955564975738526
1,attention,Phoenix/Phoenix_0005556_2009_04_271_33.47930167292864_-112.0379044065707_5vpTbxl6c_TjHL9dqfoekQ.jpg,Phoenix:5556,1,0.0,0.012424767017364502,0.018692106008529663,0.0,0.14934509992599487,0.14307646751403807,0,0,0.0,0.0,0.03391838073730469,0.03820749521255493,0,0,0.0,1,1,1.0,1,1,1.0,1,1,1.0,-0.006267338991165161
1,attention,Rome/Rome_0001536_2014_10_304_41.89345121332601_12.50233860546191_jz9ORo_1FLkZ5-BjcUBxKQ.jpg,Rome:1536,1,0.0,0.05119410157203674,0.03321307003498077,0.0,0.2585163712501526,0.21456633806228637,0,0,0.0,0.0,0.06511616706848145,0.038693904876708984,0,0,0.0,1,1,1.0,1,1,1.0,1,1,1.0,0.01798103153705597
1,attention,Rome/Rome_0002066_2016_06_251_41.90131812421017_12.46404936131252_3r42JbVeNvPSFfGJt_4rxQ.jpg,Rome:2066,1,0.0,0.04647013545036316,0.03160982131958008,0.0,0.1566205620765686,0.09744908809661865,0,0,0.0,0.0,0.049157798290252686,0.0347017765045166,0,0,0.0,1,1,1.0,1,1,1.0,1,1,1.0,0.014860314130783078
1,attention,Rome/Rome_0002295_2008_07_113_41.90450695008018_12.48026800347222_O3khkINqxAm6awsZ_NXz1g.jpg,Rome:2295,1,0.0,0.14073827862739563,0.027463406324386597,0.0,0.239474356174469,0.07614113092422485,0,0,0.0,0.0,0.11221611499786377,0.023716831207275392,0,0,0.0,1,1,1.0,1,1,1.0,1,1,1.0,0.11327487230300903
1,attention,Rome/Rome_0002322_2020_09_206_41.90414397804343_12.50668424079407_30YSM08CpegQ-aKwG6pKjg.jpg,Rome:2322,1,0.0,0.04192189872264862,0.017598381638526915,0.0,0.33421021699905396,0.1960373878479004,0,0,0.0,0.0,0.07964956760406494,0.0361494779586792,0,0,0.0,1,1,1.0,1,1,1.0,1,1,1.0,0.024323517084121705
1,attention,TRT/TRT_0000337_2009_05_353_43.64477772078452_-79.57954279962773_acXywZaBuVCEXmBFNlqnLg.jpg,TRT:337,1,0.0,0.06819167733192444,0.04640098512172699,0.0,0.34374767541885376,0.28688251972198486,0,0,0.0,0.0,0.12881436944007874,0.08726676106452942,0,0,0.0,1,1,1.0,1,1,1.0,1,1,1.0,0.02179069221019745
1,attention,TRT/TRT_0002141_2018_07_626_43.71832463065926_-79.42617153533143_RLqvQE7RrpdParkk3QGoSg.jpg,TRT:2141,2,0.0,0.030470803380012512,0.0006817936897277832,0.0,0.2122199535369873,0.1008033037185669,0,4,0.0,0.0,0.0448986291885376,0.008869865536689758,0,0,0.0,0,0,0.4,1,0,1.0,1,1,1.0,0.02978900969028473
1,fused,Bangkok/Bangkok_0000498_2016_10_438_13.72009416131538_100.5489865502233_c4cAnCTk4h7M8-TXtf73IA.jpg,Bangkok:498,1,0.0,-0.030611693859100342,0.019380611181259156,0.0,0.3358888626098633,0.14095945358276368,0,0,0.0,0.0,0.08937332034111023,0.04725684523582459,0,0,0.0,1,1,1.0,1,1,1.0,1,1,1.0,-0.049992305040359494
1,fused,Bangkok/Bangkok_0001242_2017_05_368_13.72927792900936_100.5056863190026_3hejvgCpEwFxwQknvxtlhQ.jpg,Bangkok:1242,1,0.0,0.14068534970283508,0.075557941198349,0.0,0.34306633472442627,0.2724046230316162,0,0,0.0,0.0,0.12851542234420776,0.07410915493965149,0,0,0.0,1,1,1.0,1,1,1.0,1,1,1.0,0.06512740850448609
1,fused,Bangkok/Bangkok_0002687_2020_08_313_13.74498854684226_100.5576948974601_S16hJh73PdCmM3QjuCcYQQ.jpg,Bangkok:2687,1,0.0,0.1290113776922226,0.04708274602890015,0.0,0.3287966251373291,0.16627240180969238,0,0,0.0,0.0,0.09287974238395691,0.047473758459091187,0,0,0.0,1,1,1.0,1,1,1.0,1,1,1.0,0.08192863166332245
1,fused,Bangkok/Bangkok_0002966_2017_06_078_13.74927584591671_100.4897897808369_rVd4ebOUkx1eTpqAVNmB1g.jpg,Bangkok:2966,1,0.0,0.052908435463905334,0.027177083492279052,0.0,0.2307458519935608,0.19915531873703002,0,0,0.0,0.0,0.04683235287666321,0.02307460904121399,0,0,0.0,1,1,1.0,1,1,1.0,1,1,1.0,0.025731351971626282
1,fused,Boston/Boston_0004703_2011_08_043_42.36189791153724_-71.1107288680639_ojR--GadNeGZM1k6mcOH9Q.jpg,Boston:4703,1,0.0,0.22969067096710205,0.08400537073612213,0.0,0.3938164710998535,0.2594080090522766,0,0,0.0,0.0,0.22545364499092102,0.08780169486999512,0,0,0.0,1,1,1.0,1,1,1.0,1,1,1.0,0.14568530023097992
1,fused,Boston/Boston_0006571_2011_11_297_42.37791649963948_-71.11628167105206_W7PXaWBO0V7kne0DJX3Mzw.jpg,Boston:6571,1,0.0,0.034266769886016846,-0.014162078499794006,0.0,0.19951939582824707,0.1322575569152832,0,0,0.0,0.0,0.08515188097953796,0.012627440690994262,0,0,0.0,1,1,1.0,1,1,1.0,1,1,1.0,0.04842884838581085
1,fused,Brussels/Brussels_0002530_2019_03_030_50.86089065277829_4.341250613701981_SSy991jO3fV9zStrBxi8hw.jpg,Brussels:2530,1,0.0,0.16930904984474182,0.00404331386089325,0.0,0.34964364767074585,0.11884244680404663,0,44,0.0,0.0,0.14532004296779633,0.01097729206085205,0,1,0.0,1,0,1.0,1,0,1.0,1,0,1.0,0.16526573598384858
1,fused,BuenosAires/BuenosAires_0000297_2016_10_428_-34.61652537485935_-58.40848909044821_ssL5FkI4IJVJvP9bnQUa8A.jpg,BuenosAires:297,1,0.0,0.04330635070800781,0.09049395620822906,0.0,0.25204527378082275,0.2078585743904114,0,0,0.0,0.0,0.053428202867507935,0.08667591214179993,0,0,0.0,1,1,1.0,1,1,1.0,1,1,1.0,-0.04718760550022125
1,fused,BuenosAires/BuenosAires_0001247_2016_11_463_-34.58180590773821_-58.39880540419779_rttMoDn2b4n1aI8kmbpVLA.jpg,BuenosAires:1247,1,0.0,0.01939915120601654,0.002055981755256653,0.0,0.26772594451904297,0.13871246576309204,0,0,0.0,0.0,-0.005668163299560547,0.005218321084976196,0,0,0.0,1,1,1.0,1,1,1.0,1,1,1.0,0.017343169450759886
1,fused,Chicago/Chicago_0000010_2018_06_060_41.83751876577746_-87.67836197229565_L4l2bUV5Z-GnCjMKcTVbtA.jpg,Chicago:10,1,0.0,0.1505587100982666,0.06013950109481812,0.0,0.24206292629241943,0.1400747299194336,0,1,0.2,0.0,0.05143401026725769,0.03154443502426148,0,1,0.2,1,0,0.8,1,1,1.0,1,1,1.0,0.09041920900344849
1,fused,Chicago/Chicago_0002686_2017_10_316_41.87281236274688_-87.68629301064442_Z7l1UjUsmFbOaVl5s7pOdw.jpg,Chicago:2686,1,0.0,0.15273931622505188,0.09439163208007813,0.0,0.43294626474380493,0.24541345834732056,0,0,0.0,0.0,0.1387939453125,0.08785065412521362,0,0,0.0,1,1,1.0,1,1,1.0,1,1,1.0,0.05834768414497375
1,fused,Chicago/Chicago_0003185_2016_10_232_41.87894460160553_-87.66347422080628_gY6oF-Gm6J_r9kmHXsjl2A.jpg,Chicago:3185,1,0.0,-0.02990543842315674,-0.028318792581558228,0.0,0.20695972442626953,0.1252465605735779,0,0,0.0,0.0,0.013730287551879883,-0.0009666681289672852,0,0,0.0,1,1,1.0,1,1,1.0,1,1,1.0,-0.0015866458415985107
1,fused,Chicago/Chicago_0004118_2009_04_023_41.89078788764298_-87.67846180650729_QQc2tRCnFoctNnQ_qG27OA.jpg,Chicago:4118,1,0.0,0.23997478187084198,0.0698945015668869,0.0,0.3898797035217285,0.1512212038040161,0,0,0.0,0.0,0.23642291128635406,0.07300378084182739,0,0,0.0,1,1,1.0,1,1,1.0,1,1,1.0,0.17008028030395508
1,fused,Chicago/Chicago_0004490_2017_10_353_41.89499355426129_-87.62251936077243_KDjERcQy8ruBiuDSGylNqA.jpg,Chicago:4490,1,0.0,0.15267646312713623,0.06656718254089355,0.0,0.31706756353378296,0.14987879991531372,0,0,0.0,0.0,0.19005349278450012,0.07130451202392578,0,0,0.0,1,1,1.0,1,1,1.0,1,1,1.0,0.08610928058624268
1,fused,Chicago/Chicago_0005778_2015_11_111_41.9118464606984_-87.67747607216828_J0iBmR6wp5XuJipt4Lem5A.jpg,Chicago:5778,7,0.0,-0.03934726119041443,-0.013328906893730164,0.0,0.245716392993927,0.07677644491195679,0,5,-2.8,0.0,0.022674262523651123,-0.01554282009601593,0,0,0.0,0,0,0.0,0,0,0.8,1,0,1.0,-0.026018354296684264
1,fused,Lisbon/Lisbon_0000307_2014_08_109_38.70594976253807_-9.187956813133654_1uhn5b859hKFDJcz7aTLgQ.jpg,Lisbon:307,1,0.0,0.05436554551124573,0.0482065737247467,0.0,0.1655876636505127,0.14503989219665528,0,0,0.0,0.0,0.057642221450805664,0.05338804721832276,0,0,0.0,1,1,1.0,1,1,1.0,1,1,1.0,0.006158971786499025
1,fused,Lisbon/Lisbon_0000960_2009_08_182_38.71120662095573_-9.17000257412647_X-OiTtFJj9pcYCCDsvQFOg.jpg,Lisbon:960,1,0.0,0.09369149804115295,0.026343920826911928,0.0,0.46364426612854004,0.125684916973114,0,2,0.0,0.0,0.10187458992004395,0.023198026418685912,0,1,0.0,1,0,1.0,1,1,1.0,1,1,1.0,0.06734757721424103
1,fused,Lisbon/Lisbon_0001803_2018_07_173_38.7178493069778_-9.215787008891224_BQ5Ew5_-qg006MPR_pXAUw.jpg,Lisbon:1803,1,0.0,-0.023118019104003906,-0.0007067322731018066,0.0,0.40400147438049316,0.27035161256790163,0,0,0.0,0.0,0.07252192497253418,0.0629595935344696,0,0,0.0,1,1,1.0,1,1,1.0,1,1,1.0,-0.0224112868309021
1,fused,Lisbon/Lisbon_0002518_2018_08_085_38.72336946318189_-9.136007255060465_f6GMaNuM_Mp0bVVGTpdZXw.jpg,Lisbon:2518,21,0.0,0.04441438615322113,-0.00871453881263733,0.0,0.20423448085784912,0.1335663914680481,0,-1,-10.2,0.0,0.025303915143013,-0.0019910573959350587,0,0,0.0,0,0,0.0,0,0,0.2,0,0,0.6,0.05312892496585846
1,fused,Lisbon/Lisbon_0002878_2009_08_166_38.72628004068211_-9.161018867670885_3dlH6pO_qnGGq6yoO1Ediw.jpg,Lisbon:2878,1,0.0,0.11804528534412384,0.03130674660205841,0.0,0.3800097703933716,0.1781805396080017,0,0,0.0,0.0,0.12765111029148102,0.03508065342903137,0,0,0.0,1,1,1.0,1,1,1.0,1,1,1.0,0.08673853874206543
1,fused,Lisbon/Lisbon_0003123_2009_06_049_38.72826258534669_-9.164996249525506_IdVG1Hoc92Y2wOGGN-4MWA.jpg,Lisbon:3123,1,0.0,0.07249674201011658,0.08395602703094482,0.0,0.2634170651435852,0.1632637619972229,0,0,0.0,0.0,0.07391685247421265,0.10231757760047913,0,0,0.0,1,1,1.0,1,1,1.0,1,1,1.0,-0.011459285020828242
1,fused,London/London_0000881_2016_08_079_51.49052279418894_-0.1678955496967318_mRwJxlDODHDJQW9KlujLyA.jpg,London:881,1,0.0,-0.003791600465774536,0.012083274126052857,0.0,0.1148572564125061,0.06848646402359009,0,0,0.0,0.0,0.03206956386566162,0.017461991310119628,0,0,0.0,1,1,1.0,1,1,1.0,1,1,1.0,-0.015874874591827393
1,fused,London/London_0004801_2009_08_272_51.50907263310649_-0.1458233007158824_5Udkc0LssatATzP14hIPkQ.jpg,London:4801,1,0.0,0.07185336947441101,0.029317712783813475,0.0,0.2856100797653198,0.13695554733276366,0,0,0.0,0.0,0.049796074628829956,0.017706114053726196,0,0,0.0,1,1,1.0,1,1,1.0,1,1,1.0,0.042535656690597536
1,fused,LosAngeles/LosAngeles_0000446_2016_10_264_34.04407779332197_-118.255182669294_Au6f3n9dq5-ZkJ8MOcIzrQ.jpg,LosAngeles:446,3,0.0,0.028819799423217773,0.012380203604698181,0.0,0.2585810422897339,0.2434162974357605,0,0,-0.2,0.0,-0.010842204093933105,-0.0051927298307418825,0,0,0.0,0,0,0.0,1,1,1.0,1,1,1.0,0.016439595818519594
1,fused,Medellin/Medellin_0000612_2013_12_311_6.241935344901555_-75.57949806687454_fFhxiiV9eZ7T1eDmO8zxOg.jpg,Medellin:612,1,0.0,0.14037050306797028,0.05659221410751343,0.0,0.3177977204322815,0.21442948579788207,0,0,0.0,0.0,0.17129671573638916,0.08934639692306519,0,0,0.0,1,1,1.0,1,1,1.0,1,1,1.0,0.08377828896045685
1,fused,Melbourne/Melbourne_0002577_2019_07_279_-37.82889784850852_144.9587471657209_qRoNemVXpFvZn01ASChe9w.jpg,Melbourne:2577,1,0.0,0.15010406076908112,-0.0073711097240448,0.0,0.35777926445007324,0.08797729015350342,0,0,0.0,0.0,0.13543590903282166,-0.0031835198402404784,0,0,0.0,1,1,1.0,1,1,1.0,1,1,1.0,0.15747517049312593
1,fused,Melbourne/Melbourne_0005898_2019_07_222_-37.79479919690841_144.944888341501_kY83K8CiihOvyy1-2vXj4Q.jpg,Melbourne:5898,1,0.0,0.03590446710586548,0.08937712609767914,0.0,0.23474711179733276,0.18737493753433226,0,0,0.0,0.0,0.0201835036277771,0.08609275221824646,0,0,0.0,1,1,1.0,1,1,1.0,1,1,1.0,-0.053472658991813665
1,fused,MexicoCity/MexicoCity_0000547_2015_01_266_19.42405929995902_-99.18134064792606_DZZOowbIJ4MvNNNkeIhAsg.jpg,MexicoCity:547,1,0.0,0.04548037052154541,0.04163451194763183,0.0,0.19012731313705444,0.16374944448471068,0,0,0.0,0.0,0.0276678204536438,0.056192290782928464,0,0,0.0,1,1,1.0,1,1,1.0,1,1,1.0,0.003845858573913577
1,fused,MexicoCity/MexicoCity_0000747_2014_11_653_19.43186670707519_-99.18641776793147_KwkMAV_mTO0vpOWlSiFo0w.jpg,MexicoCity:747,1,0.0,0.05818106234073639,0.02521260380744934,0.0,0.16213929653167725,0.11376469135284424,0,0,0.0,0.0,0.027651846408843994,0.015098154544830322,0,0,0.0,1,1,1.0,1,1,1.0,1,1,1.0,0.032968458533287046
1,fused,MexicoCity/MexicoCity_0000831_2017_01_421_19.43490016438329_-99.16351756404356_UXlwW-S6Epmp3t7N831QEA.jpg,MexicoCity:831,1,0.0,0.08244355022907257,0.050236910581588745,0.0,0.3732362985610962,0.22785098552703859,0,0,0.0,0.0,0.0802382230758667,0.04787513911724091,0,0,0.0,1,1,1.0,1,1,1.0,1,1,1.0,0.032206639647483826
1,fused,Miami/Miami_0001396_2018_04_116_25.74180569451551_-80.28432920772919_0ByBlRPYNF4yHQ47sFy7nQ.jpg,Miami:1396,1,0.0,0.06693923473358154,0.0346274733543396,0.0,0.28913652896881104,0.19451446533203126,0,0,0.0,0.0,0.10161072015762329,0.06724833846092224,0,0,0.0,1,1,1.0,1,1,1.0,1,1,1.0,0.032311761379241945
1,fused,Minneapolis/Minneapolis_0000181_2013_08_170_44.9393019199174_-93.2089173792444_Pvm455jFuSx8A_s9c896cQ.jpg,Minneapolis:181,1,0.0,0.04324939846992493,0.024843746423721315,0.0,0.30905652046203613,0.17054027318954468,0,0,0.0,0.0,0.07985404133796692,0.05374609231948853,0,0,0.0,1,1,1.0,1,1,1.0,1,1,1.0,0.018405652046203612
1,fused,Minneapolis/Minneapolis_0000352_2019_06_110_44.94140331063444_-93.2201476525162_3Y6xx0QGKxhcfCQI-FWTyg.jpg,Minneapolis:352,1,0.0,0.004163295030593872,0.0379021018743515,0.0,0.2853841185569763,0.1603062629699707,0,0,1.0,0.0,0.05241870880126953,0.05917495191097259,0,0,1.0,1,1,0.0,1,1,1.0,1,1,1.0,-0.03373880684375763
1,fused,OSL/OSL_0003384_2019_10_406_59.94111253680821_10.76223998360457_QNUZzkgxpPos6rHM1FrQig.jpg,OSL:3384,1,0.0,0.10588318109512329,0.023892834782600403,0.0,0.3066253662109375,0.1656393051147461,0,0,0.0,0.0,0.08657673001289368,0.024000918865203856,0,0,0.0,1,1,1.0,1,1,1.0,1,1,1.0,0.08199034631252289
1,fused,OSL/OSL_0003765_2019_10_187_59.94514003859832_10.77838887350404_0Uzd6_xRwh7rLPBk8yRw1A.jpg,OSL:3765,1,0.0,0.19300061464309692,0.07636614739894867,0.0,0.3637928366661072,0.14379582405090333,0,0,0.0,0.0,0.19925209879875183,0.0722355604171753,0,0,0.0,1,1,1.0,1,1,1.0,1,1,1.0,0.11663446724414825
1,fused,Osaka/Osaka_0002129_2016_06_370_34.68015766213297_135.472095364613_0llLMANL5DEKySzoh8b0qA.jpg,Osaka:2129,1,0.0,0.18193775415420532,0.09424647092819213,0.0,0.28431594371795654,0.1709444522857666,0,0,0.0,0.0,0.14622825384140015,0.10746252536773682,0,0,0.0,1,1,1.0,1,1,1.0,1,1,1.0,0.08769128322601319
1,fused,Osaka/Osaka_0002479_2009_10_024_34.6862724058969_135.4719685455134_llBxSu0ehWQgPty0t_zxEQ.jpg,Osaka:2479,1,0.0,0.1063709557056427,0.08007815778255463,0.0,0.33255964517593384,0.166900897026062,0,0,0.0,0.0,0.10965961217880249,0.0804829478263855,0,0,0.0,1,1,1.0,1,1,1.0,1,1,1.0,0.02629279792308807
1,fused,PRG/PRG_0001216_2012_04_290_50.06665816039804_14.40980554382894_Jk-pvXjSWsUojVvlMdD6gA.jpg,PRG:1216,1,0.0,0.12050697207450867,0.057935011386871335,0.0,0.3041762113571167,0.19939961433410644,0,0,0.0,0.0,0.10466213524341583,0.048479598760604856,0,0,0.0,1,1,1.0,1,1,1.0,1,1,1.0,0.06257196068763733
1,fused,PRG/PRG_0001252_2019_07_258_50.06663473592907_14.4928424006106_ciOfW2OggDE1V_LH7bSO1A.jpg,PRG:1252,1,0.0,0.05317530035972595,0.03350638449192047,0.0,0.2063363790512085,0.16393543481826783,0,0,0.0,0.0,0.06354707479476929,0.06469371318817138,0,0,0.0,1,1,1.0,1,1,1.0,1,1,1.0,0.019668915867805482
1,fused,PRS/PRS_0003451_2012_08_133_48.87325336498916_2.307285056069851_gg9wj5Cx8HlOlQoJKaXkDg.jpg,PRS:3451,1,0.0,0.14357352256774902,0.0759235680103302,0.0,0.3757244348526001,0.19540303945541382,0,0,0.0,0.0,0.10143822431564331,0.06982304453849793,0,0,0.0,1,1,1.0,1,1,1.0,1,1,1.0,0.06764995455741882
1,fused,PRS/PRS_0004507_2011_05_199_48.89512204163078_2.208915502657871_Jw59MiFEyf_VG958qC9wZA.jpg,PRS:4507,1,0.0,0.08925820887088776,0.0075240015983581545,0.0,0.42554938793182373,0.1835026502609253,0,0,0.0,0.0,0.07751280069351196,0.011069917678833007,0,0,0.0,1,1,1.0,1,1,1.0,1,1,1.0,0.0817342072725296
1,fused,Phoenix/Phoenix_0000357_2018_05_268_33.42524998962075_-112.0521742629126_DbMpKVUvTiga-OmYglVZcw.jpg,Phoenix:357,1,0.0,0.07656905055046082,0.029703444242477416,0.0,0.3915959596633911,0.16688309907913207,0,0,0.2,0.0,-0.01589217782020569,0.03267704248428345,0,0,0.2,1,1,0.8,1,1,1.0,1,1,1.0,0.0468656063079834
1,fused,Phoenix/Phoenix_0004383_2011_03_098_33.46755977608167_-112.0571141903428_BJ6H6arU3t2O0bMGgue_Xw.jpg,Phoenix:4383,1,0.0,0.06282541155815125,0.016531556844711304,0.0,0.23159384727478027,0.09028605222702027,0,0,0.0,0.0,0.08235731720924377,0.01600769758224487,0,0,0.0,1,1,1.0,1,1,1.0,1,1,1.0,0.04629385471343994
1,fused,Phoenix/Phoenix_0005556_2009_04_271_33.47930167292864_-112.0379044065707_5vpTbxl6c_TjHL9dqfoekQ.jpg,Phoenix:5556,1,0.0,0.0072858333587646484,-0.005936843156814575,0.0,0.12932950258255005,0.10475199222564698,0,0,0.0,0.0,0.05109572410583496,0.02414458990097046,0,0,0.0,1,1,1.0,1,1,1.0,1,1,1.0,0.013222676515579224
1,fused,Rome/Rome_0001536_2014_10_304_41.89345121332601_12.50233860546191_jz9ORo_1FLkZ5-BjcUBxKQ.jpg,Rome:1536,1,0.0,0.05159193277359009,0.018186670541763306,0.0,0.25686949491500854,0.22318915128707886,0,0,0.0,0.0,0.06896626949310303,0.04141581654548645,0,0,0.0,1,1,1.0,1,1,1.0,1,1,1.0,0.033405262231826785
1,fused,Rome/Rome_0002066_2016_06_251_41.90131812421017_12.46404936131252_3r42JbVeNvPSFfGJt_4rxQ.jpg,Rome:2066,1,0.0,0.0925893783569336,0.04706678986549377,0.0,0.1373242735862732,0.12573903799057007,0,0,0.0,0.0,0.08351534605026245,0.06449328660964966,0,0,0.0,1,1,1.0,1,1,1.0,1,1,1.0,0.04552258849143982
1,fused,Rome/Rome_0002295_2008_07_113_41.90450695008018_12.48026800347222_O3khkINqxAm6awsZ_NXz1g.jpg,Rome:2295,1,0.0,0.13730141520500183,0.02971229553222656,0.0,0.23829615116119385,0.07488424777984619,0,0,0.0,0.0,0.10861414670944214,0.02186110019683838,0,0,0.0,1,1,1.0,1,1,1.0,1,1,1.0,0.10758911967277526
1,fused,Rome/Rome_0002322_2020_09_206_41.90414397804343_12.50668424079407_30YSM08CpegQ-aKwG6pKjg.jpg,Rome:2322,1,0.0,0.02627594769001007,-0.008318421244621278,0.0,0.3299335837364197,0.24640207290649413,0,0,0.0,0.0,0.0678393542766571,0.026630866527557372,0,0,0.0,1,1,1.0,1,1,1.0,1,1,1.0,0.034594368934631345
1,fused,TRT/TRT_0000337_2009_05_353_43.64477772078452_-79.57954279962773_acXywZaBuVCEXmBFNlqnLg.jpg,TRT:337,1,0.0,0.10424338281154633,0.023771077394485474,0.0,0.393332302570343,0.20574280023574829,0,0,0.0,0.0,0.1757335066795349,0.049707543849945066,0,0,0.0,1,1,1.0,1,1,1.0,1,1,1.0,0.08047230541706085
1,fused,TRT/TRT_0002141_2018_07_626_43.71832463065926_-79.42617153533143_RLqvQE7RrpdParkk3QGoSg.jpg,TRT:2141,2,0.0,0.044669970870018005,0.008205515146255494,0.0,0.21138840913772583,0.17338885068893434,0,5,0.6,0.0,0.051820188760757446,0.02182640731334686,0,0,0.0,0,0,0.4,1,0,1.0,1,1,1.0,0.036464455723762515
