query_id,n_windows,spearman,spearman_defined,undefined_reason,tail_k,top_mean_damage,bottom_mean_damage,top_minus_bottom_damage,attention_max_window_y,attention_max_window_x,attention_max_ties,attention_max_damage,attention_max_damage_percentile,negative_damage_window_fraction,clean_hit_at_1,token_h,token_w,variant_forward_calls,max_variant_batch,min_variant_batch,clean_margin_delta_vs_source
250,484,0.1746794351927064,True,,48,0.0017355382442474365,-0.0003190276523431142,0.002054565896590551,13,9,1,-0.0001278519630432129,40.165631469979296,0.4256198347107438,1,23,23,16,32,4,1.1920928959241461e-07
190,484,0.2552671728255445,True,,48,0.00218320203324159,-0.001508273184299469,0.003691475217541059,12,10,1,0.007285773754119873,91.51138716356108,0.6136363636363636,1,23,23,16,32,4,-4.7683715811985827e-07
505,484,0.48432789654418756,True,,48,0.007442882284522057,4.693244894345601e-06,0.007438189039627711,14,10,1,0.013112396001815796,97.72256728778468,0.3347107438016529,1,23,23,16,32,4,-1.1920928952302567e-07
486,484,0.06294274735951413,True,,48,0.0033240808794895806,-0.000416006272037824,0.003740087151527405,15,8,1,0.010842472314834595,98.34368530020704,0.5929752066115702,1,23,23,16,32,4,-2.980232236687863e-08
72,484,0.11805073619180623,True,,48,0.006968275954325994,-0.00040694822867711383,0.007375224183003107,6,6,1,0.041499197483062744,99.79296066252589,0.6880165289256198,1,23,23,16,32,4,-5.9604644719879474e-08
222,484,-0.06768265351860152,True,,48,0.002857749660809835,-0.00013013618687788645,0.0029878858476877213,12,9,1,0.030175119638442993,99.79296066252589,0.5392561983471075,1,23,23,16,32,4,-1.490116118829654e-07
42,484,-0.031319017154965156,True,,48,-0.0006073092420895895,0.000877636174360911,-0.0014849454164505005,8,20,1,0.002011537551879883,80.74534161490683,0.5247933884297521,1,23,23,16,32,4,1.1920928963404798e-07
59,484,-0.062123337727428826,True,,48,-0.0018113491435845692,-0.00014690682291984558,-0.0016644423206647236,15,8,1,-0.018037259578704834,0.0,0.45041322314049587,1,23,23,16,32,4,2.980232238769531e-07
598,484,0.572372552267422,True,,48,0.01753579235325257,-8.183221022288004e-07,0.0175366106753548,10,13,1,0.04548424482345581,99.58592132505176,0.35330578512396693,1,23,23,16,32,4,1.4901161193847656e-07
136,484,0.34849340382937216,True,,48,0.010616210599740347,-0.0009812284260988235,0.01159743902583917,13,12,1,0.02067229151725769,98.55072463768116,0.44214876033057854,1,23,23,16,32,4,4.163336342344337e-17
686,484,0.42034580878963745,True,,48,0.014154039012889067,-0.00010000169277191162,0.014254040705660978,8,14,1,0.013815075159072876,93.16770186335404,0.45041322314049587,1,23,23,16,32,4,-2.6822090143374666e-07
567,484,0.15757807257026207,True,,48,0.0051626600325107574,0.001724420115351677,0.0034382399171590805,10,8,1,0.0008924603462219238,32.91925465838509,0.18801652892561985,1,23,23,16,32,4,3.27825546292404e-07
343,484,0.2407525810239636,True,,48,0.007727143665154775,0.0009076253821452459,0.006819518283009529,10,11,1,0.0019182860851287842,60.66252587991718,0.27479338842975204,1,23,23,16,32,4,-2.9802322387695312e-08
482,484,0.15790929671123646,True,,48,0.007694341863195102,0.0007218408087889353,0.006972501054406166,11,9,1,0.002292633056640625,77.01863354037268,0.3140495867768595,1,23,23,16,32,4,2.086162567138672e-07
689,484,0.3997453506112485,True,,48,0.007610660667220752,-0.001054219901561737,0.00866488056878249,8,8,1,0.003995299339294434,80.95238095238095,0.4524793388429752,1,23,23,16,32,4,2.0861625676937834e-07
129,484,0.06261263453136298,True,,48,0.0028560043623050055,0.0014376631006598473,0.0014183412616451583,16,10,1,0.002463042736053467,74.74120082815735,0.25826446280991733,1,23,23,16,32,4,-7.450580589984934e-08
334,484,0.27105618297543377,True,,48,0.004403200000524521,0.0013394920776287715,0.003063707922895749,11,10,1,0.001293271780014038,45.54865424430642,0.25413223140495866,1,23,23,16,32,4,5.960464477539063e-08
242,484,0.051596136230014224,True,,48,-0.00015856139361858368,0.00020230685671170553,-0.00036086825033028924,14,12,1,-0.0027889907360076904,10.144927536231885,0.3347107438016529,1,23,23,16,32,4,-1.7881393423900202e-07
211,484,0.36026968705271356,True,,48,0.004231536760926247,-0.0005339092264572779,0.004765445987383525,10,9,1,0.010030657052993774,96.68737060041408,0.6342975206611571,1,23,23,16,32,4,1.1920928955078125e-07
315,484,0.1925305542892323,True,,48,0.0028194536765416465,-0.0005626492202281952,0.0033821028967698417,0,14,1,0.015654325485229492,99.79296066252589,0.609504132231405,0,23,23,16,32,4,-5.066394806463315e-07
332,484,-0.06892224356060385,True,,48,-0.0033339286843935647,0.0007157586514949799,-0.004049687335888544,13,12,1,-0.020533084869384766,1.0351966873706004,0.4090909090909091,1,23,23,16,32,4,-5.9604644719879474e-08
544,484,0.24869095290838492,True,,48,0.012106738363703093,0.00017561639348665872,0.011931121970216434,15,14,1,0.026645153760910034,98.55072463768116,0.34710743801652894,1,23,23,16,32,4,1.7881393432617188e-07
43,484,0.24360293958109855,True,,48,0.007378935193022092,-0.000626077875494957,0.008005013068517048,12,13,1,0.003907322883605957,82.6086956521739,0.493801652892562,1,23,23,16,32,4,2.384185791015625e-07
36,484,-0.14331384328779892,True,,48,0.0031638058523337045,-0.00048121561606725055,0.003645021468400955,13,7,1,-0.005676925182342529,4.761904761904762,0.743801652892562,1,23,23,16,32,4,-2.384185790946236e-07
245,484,0.041803988766215244,True,,48,0.005007930099964142,-1.6380101442337036e-05,0.005024310201406479,13,3,1,0.025094419717788696,99.17184265010351,0.4896694214876033,1,23,23,16,32,4,-1.1920928955078125e-07
624,484,0.058382235506232075,True,,48,0.005828698476155599,0.0007846616208553314,0.005044036855300267,14,12,1,0.029286950826644897,100.0,0.34297520661157027,1,23,23,16,32,4,-8.940696710757479e-08
163,484,-0.03351343745223175,True,,48,-4.9105845391750336e-05,0.00012101295093695323,-0.00017011879632870358,11,10,1,0.002394556999206543,92.13250517598344,0.42355371900826444,0,23,23,16,32,4,8.940696707114559e-08
307,484,0.21362924594251756,True,,48,0.002760265643397967,-0.0006416480367382368,0.0034019136801362038,12,10,1,0.015777423977851868,98.55072463768116,0.5392561983471075,1,23,23,16,32,4,-5.960464477539063e-08
525,484,0.3903329120134743,True,,48,0.007827841366330782,-0.000177064910531044,0.008004906276861826,12,5,1,0.024495035409927368,99.17184265010351,0.4256198347107438,1,23,23,16,32,4,3.8743019104003906e-07
512,484,0.2196401780852292,True,,48,0.0005930395176013311,-0.0005532062302033106,0.0011462457478046417,14,11,1,0.0055359601974487305,87.78467908902691,0.5867768595041323,1,23,23,16,32,4,5.960464485865735e-08
720,484,0.09043852932040046,True,,48,-0.0006456443419059118,0.0005015706022580465,-0.0011472149441639583,10,13,1,-0.009541839361190796,2.691511387163561,0.4194214876033058,1,23,23,16,32,4,-2.9802322387695312e-08
437,484,0.4700203264401951,True,,48,0.017895504211386044,0.0010216124355793,0.016873891775806744,16,10,1,0.02351972460746765,97.30848861283644,0.2231404958677686,1,23,23,16,32,4,5.960464483090178e-08
258,484,-0.04546073705439664,True,,48,0.000125656525293986,0.0010720404485861461,-0.0009463839232921601,12,8,1,0.0030154287815093994,82.6086956521739,0.3512396694214876,1,23,23,16,32,4,-2.980232237728697e-08
249,484,0.05826761307125087,True,,48,0.0006610602140426636,-0.0008028298616409302,0.0014638900756835938,13,10,1,-0.0055658817291259766,9.316770186335404,0.6425619834710744,1,23,23,16,32,4,-1.1920928949006593e-07
476,484,-0.18682639230294174,True,,48,-0.002698310340444247,0.00027567024032274884,-0.0029739805807669955,9,11,1,-0.011023461818695068,2.070393374741201,0.5041322314049587,1,23,23,16,32,4,7.632783294297951e-17
18,484,-0.09693505479923224,True,,48,-0.001199399431546529,0.00033355938891569775,-0.0015329588204622269,8,8,1,-0.012450605630874634,1.0351966873706004,0.5020661157024794,1,23,23,16,32,4,-1.1920928953690346e-07
358,484,0.1657778148568184,True,,48,0.004773615238567193,-0.0011656815186142921,0.005939296757181485,12,15,1,0.01615387201309204,98.75776397515529,0.6570247933884298,1,23,23,16,32,4,4.470348358154297e-08
670,484,0.07135729431510297,True,,48,0.0028041253487269082,-0.0006294573346773783,0.0034335826834042864,10,13,1,0.007587254047393799,96.48033126293996,0.6983471074380165,1,23,23,16,32,4,-5.960464474763505e-08
210,484,0.23803812644406175,True,,48,0.003847037752469381,0.0006225810696681341,0.0032244566828012466,12,9,1,0.02271696925163269,99.58592132505176,0.24586776859504134,1,23,23,16,32,4,-8.940696716308594e-08
549,484,0.26801340137390006,True,,48,0.007497468963265419,0.0005891192704439163,0.006908349692821503,12,11,1,0.0018480420112609863,65.21739130434783,0.32644628099173556,1,23,23,16,32,4,-1.192092894952701e-07
511,484,0.20754422628021907,True,,48,0.00699014775454998,-0.00022134495278199515,0.007211492707331975,13,10,1,0.01352471113204956,96.68737060041408,0.49173553719008267,1,23,23,16,32,4,-4.172325133722232e-07
473,484,0.5539184095314652,True,,48,0.02486661697427432,0.00013471953570842743,0.02473189743856589,12,12,1,0.03815871477127075,96.68737060041408,0.41115702479338845,1,23,23,16,32,4,-5.9604644719879474e-08
608,484,0.12832540508674323,True,,48,0.008617814630270004,-0.0010090873887141545,0.00962690201898416,12,11,1,0.031138718128204346,99.17184265010351,0.609504132231405,1,23,23,16,32,4,-2.384185791015625e-07
409,484,0.17706959516991705,True,,48,0.004202897970875104,3.6178777615229286e-05,0.004166719193259874,7,8,1,0.006894141435623169,93.58178053830228,0.49793388429752067,1,23,23,16,32,4,1.192092896062924e-07
429,484,0.12391222322357971,True,,48,0.012224751835068067,-2.919696271419525e-05,0.012253948797782263,8,9,1,0.03585126996040344,98.34368530020704,0.4297520661157025,1,23,23,16,32,4,-1.1920928955078125e-07
550,484,0.1514666418297077,True,,48,0.005555894846717517,-0.00035113468766212463,0.0059070295343796415,14,8,1,0.013771921396255493,93.7888198757764,0.5351239669421488,1,23,23,16,32,4,1.192092896062924e-07
275,484,0.13205106175623754,True,,48,0.0033363799254099527,0.0004134917010863622,0.0029228882243235903,14,10,1,-0.008476495742797852,2.691511387163561,0.3615702479338843,1,23,23,16,32,4,3.2782554626464844e-07
613,484,0.034409949382611486,True,,48,0.0029135625809431076,-8.817513783772786e-05,0.0030017377187808356,11,9,1,0.006865471601486206,94.20289855072464,0.4132231404958678,1,23,23,16,32,4,1.490116120078655e-07
509,484,-0.4075891658536224,True,,48,-0.007518776382009189,0.00025248775879542035,-0.007771264140804609,15,11,1,-0.009826600551605225,7.246376811594203,0.7107438016528925,0,23,23,16,32,4,-4.172325134277344e-07
37,484,0.19660547381364651,True,,48,0.008035077092548212,0.00032165894905726117,0.0077134181434909506,12,11,1,0.022320836782455444,98.75776397515529,0.365702479338843,1,23,23,16,32,4,-2.9802322387695312e-08
514,484,0.2604592261981936,True,,48,0.003877281521757444,-0.0009145668397347132,0.004791848361492157,11,19,1,0.004581421613693237,87.16356107660455,0.6177685950413223,1,23,23,16,32,4,5.960464483090178e-08
268,484,-0.12114272590210814,True,,48,-0.001356422280271848,0.00011279992759227753,-0.0014692222078641255,15,11,1,-0.00699925422668457,4.968944099378882,0.6590909090909091,1,23,23,16,32,4,-2.0861625663753935e-07
198,484,0.4631578111794892,True,,48,0.01010044664144516,-0.0005110489825407664,0.010611495623985926,13,6,1,-0.006549656391143799,0.4140786749482402,0.5599173553719008,1,23,23,16,32,4,-3.278255462091373e-07
207,484,0.07223268752563795,True,,48,0.00019057653844356537,6.519444286823273e-05,0.00012538209557533264,10,12,1,0.003627568483352661,88.19875776397515,0.506198347107438,1,23,23,16,32,4,-5.9604644719879474e-08
454,484,0.15247338538157984,True,,48,0.003590810423096021,-0.00010409144063790639,0.0036949018637339277,9,12,1,-0.003978610038757324,2.898550724637681,0.5599173553719008,1,23,23,16,32,4,-1.1920928952302567e-07
502,484,0.14765251048206102,True,,48,0.004051657393574715,-0.0005552352716525396,0.004606892665227254,8,17,1,0.01614910364151001,97.9296066252588,0.5578512396694215,1,23,23,16,32,4,1.7881393438168303e-07
497,484,0.2820355228488556,True,,48,0.0043157463272412615,-0.001133800173799197,0.005449546501040459,12,11,1,0.01031506061553955,93.7888198757764,0.44008264462809915,1,23,23,16,32,4,-2.682209014892578e-07
592,484,-0.005852226556371879,True,,48,0.0006466582417488098,9.660919507344563e-05,0.0005500490466753641,12,10,1,0.002511262893676758,91.09730848861284,0.40702479338842973,1,23,23,16,32,4,2.3841857917095144e-07
105,484,0.2795367169686541,True,,48,0.005610755955179532,7.849248747030894e-05,0.005532263467709223,11,12,1,0.005962878465652466,91.92546583850931,0.33884297520661155,1,23,23,16,32,4,-2.6822090141986887e-07
119,484,0.24040659230749278,True,,48,0.002914858361085256,0.00036333128809928894,0.002551527072985967,12,10,1,0.0043537914752960205,82.40165631469979,0.27479338842975204,1,23,23,16,32,4,-8.940696710757479e-08
633,484,0.5451597973907383,True,,48,0.01793794333934784,3.709519902865092e-05,0.017900848140319187,14,8,1,0.07745230197906494,99.79296066252589,0.4194214876033058,1,23,23,16,32,4,-1.4901161193847656e-07
266,484,0.2578258382341345,True,,48,0.004742410654822986,0.00014680313567320505,0.00459560751914978,14,12,1,0.0005871057510375977,60.24844720496895,0.3450413223140496,1,23,23,16,32,4,-2.3841857907380692e-07
674,484,0.08035691133364414,True,,48,0.009476477280259132,0.0003722943365573883,0.009104182943701744,10,10,1,0.0008015930652618408,64.59627329192547,0.41735537190082644,1,23,23,16,32,4,1.7881393432617188e-07
394,484,0.15131566605250762,True,,48,0.002847336853543917,-7.137035330136617e-05,0.0029187072068452835,13,9,1,-0.0008835196495056152,24.22360248447205,0.4524793388429752,1,23,23,16,32,4,-1.4901161193847656e-07
616,484,0.11264811848520974,True,,48,0.004291139853497346,0.000176787997285525,0.004114351856211821,9,10,1,0.0031488239765167236,83.64389233954451,0.40082644628099173,1,23,23,16,32,4,2.3841857915707365e-07
112,484,0.07830876392670111,True,,48,0.0034595485776662827,0.0013702760140101116,0.002089272563656171,11,12,1,-0.0023629069328308105,12.008281573498964,0.38016528925619836,1,23,23,16,32,4,2.0861625674162276e-07
397,484,0.17709383237275333,True,,48,0.004585395256678264,0.000343070055047671,0.004242325201630592,15,7,1,-0.012477606534957886,1.4492753623188406,0.29132231404958675,1,23,23,16,32,4,-4.4703483573216296e-07
464,484,0.2964365490668412,True,,48,0.010732495846847693,-0.0002624861275156339,0.010994981974363327,12,13,1,0.002732798457145691,80.5383022774327,0.390495867768595,1,23,23,16,32,4,-1.043081283569336e-07
693,484,0.2737585709999222,True,,48,0.004502896840373675,-0.0006279610097408295,0.005130857850114505,8,10,1,0.011899709701538086,96.68737060041408,0.5681818181818182,1,23,23,16,32,4,2.980232245014536e-08
349,484,0.1744567400327149,True,,48,0.010088069985310236,0.00017864815890789032,0.009909421826402346,12,12,1,-0.03500378131866455,0.0,0.44214876033057854,1,23,23,16,32,4,4.172325134832455e-07
487,484,0.24238367710075637,True,,48,0.012062723437945047,-0.0009377294530471166,0.013000452890992165,12,10,1,0.007925927639007568,86.95652173913044,0.6570247933884298,1,23,23,16,32,4,-1.7881393432617188e-07
733,484,0.16531688025922164,True,,48,-0.0006957718481620153,-9.450068076451619e-05,-0.0006012711673974991,14,13,1,-0.014309525489807129,0.6211180124223602,0.41735537190082644,1,23,23,16,32,4,2.0861625676937834e-07
471,484,-0.2217288111016973,True,,48,-0.0037491945549845695,0.0003896156946818034,-0.004138810249666373,8,10,1,-0.005359068512916565,9.937888198757763,0.5268595041322314,0,23,23,16,32,4,5.9604644719879474e-08
687,484,0.34954238651624053,True,,48,0.011385478700200716,-2.8679768244425457e-05,0.011414158468445141,10,9,1,0.016118109226226807,94.40993788819875,0.4049586776859504,1,23,23,16,32,4,-5.960464477539063e-08
253,484,0.3257631411414875,True,,48,0.004903160656491916,0.0006494832535584768,0.004253677402933439,12,9,1,0.004668205976486206,85.09316770186335,0.32231404958677684,1,23,23,16,32,4,5.960464477539063e-08
333,484,0.13119026710112652,True,,48,-0.001469961057106654,0.00018107394377390543,-0.0016510350008805594,8,10,1,-0.02347990870475769,0.2070393374741201,0.39462809917355374,1,23,23,16,32,4,1.4901161193847656e-07
34,484,-0.2573342146220186,True,,48,-0.005655878533919652,0.0009928401559591293,-0.006648718689878781,15,11,1,-0.022808611392974854,0.4140786749482402,0.39669421487603307,0,23,23,16,32,4,-4.470348362317633e-08
290,484,0.1371140900173947,True,,48,-0.00067714291314284,-0.001027749851346016,0.0003506069382031759,14,9,1,-0.023978620767593384,0.0,0.5661157024793388,1,23,23,16,32,4,2.980232246575787e-08
110,484,0.018632376633229652,True,,48,-0.0035893886039654412,0.001151896392305692,-0.004741284996271133,13,12,1,-0.022762000560760498,0.4140786749482402,0.3202479338842975,1,23,23,16,32,4,-2.98023223821442e-07
301,484,0.17689845299967133,True,,48,0.005596379439036052,0.0003814219186703364,0.005214957520365715,10,9,1,0.03588572144508362,99.79296066252589,0.4132231404958678,1,23,23,16,32,4,-3.5762786865234375e-07
489,484,0.3418791875985959,True,,48,0.020549653718868893,1.0599071780840555e-05,0.02053905464708805,12,9,1,0.01438528299331665,92.33954451345755,0.3677685950413223,1,23,23,16,32,4,-5.066394805353092e-07
154,484,0.4613746304223464,True,,48,0.006860772458215554,-0.0008774859209855398,0.007738258379201094,12,12,1,-0.011270731687545776,0.2070393374741201,0.5247933884297521,1,23,23,16,32,4,-2.9802322290550798e-08
481,484,-0.09880988983715032,True,,48,0.003601390247543653,0.0007647431145111719,0.002836647133032481,13,14,1,-0.009773850440979004,1.8633540372670807,0.4318181818181818,1,23,23,16,32,4,-2.9802322387695312e-08
602,484,0.04504373015843615,True,,48,0.0053822691552340984,8.388515561819077e-05,0.005298383999615908,11,13,1,-0.00583900511264801,4.968944099378882,0.5206611570247934,0,23,23,16,32,4,7.450580591372713e-08
48,484,0.23636511811402808,True,,48,0.007794324308633804,-0.0008236207067966461,0.00861794501543045,12,12,1,0.022791802883148193,98.13664596273291,0.5950413223140496,1,23,23,16,32,4,1.7881393432617188e-07
192,484,-0.07209403611343222,True,,48,-0.005050612923999627,8.479909350474675e-05,-0.005135412017504374,9,12,1,0.00032329559326171875,51.5527950310559,0.4194214876033058,1,23,23,16,32,4,-2.9802322288165553e-08
576,484,0.01083783988311106,True,,48,0.0011019259691238403,0.00011356920003890991,0.0009883567690849304,12,8,1,0.015418678522109985,98.55072463768116,0.5971074380165289,1,23,23,16,32,4,-1.1920928947445342e-07
350,484,0.373752124691204,True,,48,0.009584608798225721,-0.0002236651877562205,0.009808273985981941,11,12,1,-0.006519734859466553,1.2422360248447204,0.493801652892562,1,23,23,16,32,4,-1.1920928955078125e-07
527,484,0.17534600194638494,True,,48,0.0024170074611902237,-0.0006236042827367783,0.003040611743927002,13,11,1,0.011933505535125732,97.30848861283644,0.6322314049586777,1,23,23,16,32,4,2.7755575615628914e-17
152,484,0.08787859384004608,True,,48,-0.0022360856334368386,0.0005596280097961426,-0.0027957136432329812,12,10,1,0.004406750202178955,87.5776397515528,0.38016528925619836,1,23,23,16,32,4,2.3841857915707365e-07
66,484,0.08554960200580325,True,,48,-0.0014891003568967183,0.00024035448829332987,-0.0017294548451900482,11,12,1,-0.02182382345199585,0.6211180124223602,0.45661157024793386,0,23,23,16,32,4,-5.96046448100851e-08
355,484,0.23799356179454786,True,,48,0.0029849565277496972,0.00023405688504378,0.0027508996427059174,12,11,1,-0.005352795124053955,2.691511387163561,0.3305785123966942,1,23,23,16,32,4,1.7881393438168303e-07
589,484,0.31484674056033074,True,,48,0.0047087228546539945,-0.002506062388420105,0.0072147852430740995,12,10,1,-0.007927387952804565,3.1055900621118013,0.7210743801652892,1,23,23,16,32,4,1.4901161193847656e-07
241,484,-0.07568643409888672,True,,48,-0.006915568063656489,0.0009006348749001821,-0.007816202938556671,13,11,1,-0.012068524956703186,4.140786749482402,0.32231404958677684,0,23,23,16,32,4,-2.980232245708425e-08
234,484,0.16371013363800943,True,,48,0.007656391089161237,0.0004148402561744054,0.007241550832986832,12,11,1,0.015148401260375977,95.23809523809524,0.3739669421487603,1,23,23,16,32,4,-2.9802322387695312e-08
542,484,0.13841220919987066,True,,48,0.0056902772436539335,-0.0007544849067926407,0.006444762150446574,15,9,1,0.002319157123565674,82.40165631469979,0.628099173553719,1,23,23,16,32,4,-2.3841857904605135e-07
22,484,0.44332606393647095,True,,48,0.006632401918371518,0.0004049185663461685,0.00622748335202535,11,10,1,0.0016623735427856445,60.869565217391305,0.2768595041322314,1,23,23,16,32,4,2.0861625676937834e-07
474,484,0.31977866882719985,True,,48,0.005170498664180438,0.0002106986939907074,0.004959799970189731,10,11,1,0.019118040800094604,98.9648033126294,0.3119834710743802,1,23,23,16,32,4,5.960464477539063e-08
658,484,0.20003916583906942,True,,48,0.008106723427772522,-0.00048192404210567474,0.008588647469878197,11,10,1,0.008373290300369263,93.37474120082815,0.49586776859504134,1,23,23,16,32,4,-2.086162567138672e-07
313,484,0.18209643337388742,True,,48,0.007529931763807933,0.000246221199631691,0.007283710564176242,12,10,1,0.01132151484489441,97.10144927536231,0.36983471074380164,1,23,23,16,32,4,2.98023224015731e-08
