query_id,mask_ratio,clean_rank,attention_margin_drop,random_margin_drop,attention_descriptor_drift,random_descriptor_drift,attention_positive_similarity_drop,random_positive_similarity_drop,attention_rank_degradation,random_rank_degradation,attention_failure_flip,random_failure_flip,attention_hit_at_1,random_hit_at_1,attention_hit_at_5,random_hit_at_5,attention_hit_at_10,random_hit_at_10,paired_margin_difference
250,0.1,1,0.01056012511253357,0.01214911937713623,0.25530505180358887,0.1355055093765259,0.0661562979221344,0.04807158708572388,0,0.0,0,0.0,1,1.0,1,1.0,1,1.0,-0.0015889942646026608
190,0.1,1,0.029194951057434082,0.019420546293258668,0.3082770109176636,0.112880539894104,0.20629435777664185,0.06594287157058716,0,0.0,0,0.0,1,1.0,1,1.0,1,1.0,0.009774404764175414
505,0.1,1,0.08517426252365112,0.034209424257278444,0.3450014591217041,0.11755311489105225,0.06186336278915405,0.05698787569999695,2,1.2,1,0.4,0,0.6,1,1.0,1,1.0,0.05096483826637268
486,0.1,1,0.019431769847869873,0.015060514211654663,0.36365407705307007,0.15196776390075684,0.014234185218811035,0.040245848894119265,0,0.2,0,0.2,1,0.8,1,1.0,1,1.0,0.00437125563621521
72,0.1,1,0.08158296346664429,0.012238883972167968,0.2534712553024292,0.11519367694854736,0.09514462947845459,0.038422894477844236,0,0.0,0,0.0,1,1.0,1,1.0,1,1.0,0.06934407949447632
222,0.1,1,0.04770439863204956,0.015350648760795593,0.44710779190063477,0.1111989140510559,0.0787230134010315,0.03454767465591431,0,0.0,0,0.0,1,1.0,1,1.0,1,1.0,0.032353749871253966
42,0.1,1,0.022034019231796265,0.0069327116012573246,0.157082200050354,0.06030299663543701,0.017254918813705444,0.005734103918075562,0,0.0,0,0.0,1,1.0,1,1.0,1,1.0,0.01510130763053894
59,0.1,1,0.017456531524658203,0.03445561528205872,0.2303905487060547,0.13346058130264282,0.11738908290863037,0.079551100730896,0,0.0,0,0.0,1,1.0,1,1.0,1,1.0,-0.016999083757400515
598,0.1,1,0.12834660708904266,0.06308819353580475,0.3012579679489136,0.18120700120925903,0.1474415361881256,0.07014713287353516,0,0.0,0,0.0,1,1.0,1,1.0,1,1.0,0.06525841355323792
136,0.1,1,0.04677121341228485,0.021990233659744264,0.3070131540298462,0.18464968204498292,0.09836414456367493,0.04852419495582581,0,0.0,0,0.0,1,1.0,1,1.0,1,1.0,0.024780979752540587
686,0.1,1,0.1864473521709442,0.06653250753879547,0.45715367794036865,0.17220940589904785,0.1862485706806183,0.07114660739898682,0,0.0,0,0.0,1,1.0,1,1.0,1,1.0,0.11991484463214874
567,0.1,1,0.028828978538513184,0.009502750635147095,0.29089856147766113,0.10330440998077392,0.1788022816181183,0.04969933032989502,0,0.0,0,0.0,1,1.0,1,1.0,1,1.0,0.019326227903366088
343,0.1,1,0.0779363214969635,0.021788835525512695,0.2320089340209961,0.09188458919525147,0.07984751462936401,0.03745577335357666,0,0.0,0,0.0,1,1.0,1,1.0,1,1.0,0.056147485971450806
482,0.1,1,0.049859583377838135,0.018664562702178956,0.3288164734840393,0.11859849691390992,0.12113744020462036,0.0371911346912384,0,0.0,0,0.0,1,1.0,1,1.0,1,1.0,0.03119502067565918
689,0.1,1,0.08701068162918091,0.021890795230865477,0.34424781799316406,0.09668749570846558,0.15920090675354004,0.04687492847442627,0,0.0,0,0.0,1,1.0,1,1.0,1,1.0,0.06511988639831542
129,0.1,1,0.03006395697593689,0.0013671338558197022,0.29198598861694336,0.21564745903015137,0.01765689253807068,-0.02629702091217041,0,0.0,0,0.0,1,1.0,1,1.0,1,1.0,0.028696823120117187
334,0.1,1,0.1384362280368805,0.028971394896507262,0.4236871004104614,0.14467248916625977,0.2396080493927002,0.06154168844223022,0,0.0,0,0.0,1,1.0,1,1.0,1,1.0,0.10946483314037322
242,0.1,1,-0.02032729983329773,-0.008824342489242553,0.3631913661956787,0.1851416826248169,0.12821796536445618,0.0578535795211792,0,0.2,0,0.2,1,0.8,1,1.0,1,1.0,-0.011502957344055176
211,0.1,1,0.07812690734863281,0.030772876739501954,0.33063626289367676,0.1375706434249878,0.11443918943405151,0.046125733852386476,0,0.0,0,0.0,1,1.0,1,1.0,1,1.0,0.04735403060913086
315,0.1,18,0.02802005410194397,0.006440800428390503,0.11542457342147827,0.07453874349594117,-0.017708808183670044,0.006522876024246216,0,0.0,0,0.0,0,0.0,0,0.0,0,0.0,0.021579253673553466
332,0.1,1,0.012321770191192627,0.0014648735523223877,0.28192514181137085,0.07793715000152587,0.0028683841228485107,0.003760063648223877,0,0.0,0,0.0,1,1.0,1,1.0,1,1.0,0.01085689663887024
544,0.1,1,0.14068728685379028,0.0569688081741333,0.30859851837158203,0.10126045942306519,0.14183223247528076,0.04081907272338867,0,0.0,0,0.0,1,1.0,1,1.0,1,1.0,0.08371847867965698
43,0.1,1,0.06804606318473816,0.047336867451667784,0.3005855679512024,0.18381388187408448,0.08638519048690796,0.056054556369781496,0,0.0,0,0.0,1,1.0,1,1.0,1,1.0,0.020709195733070375
36,0.1,1,0.09528669714927673,0.028113043308258055,0.2675926685333252,0.10308568477630616,0.16511210799217224,0.04512655735015869,3,0.2,1,0.2,0,0.8,1,1.0,1,1.0,0.06717365384101867
245,0.1,1,0.2191009521484375,0.040594559907913205,0.3495776653289795,0.1420443058013916,0.24205219745635986,0.07077929973602295,0,0.0,0,0.0,1,1.0,1,1.0,1,1.0,0.17850639224052428
624,0.1,1,0.06195762753486633,0.03793459534645081,0.2407151460647583,0.09583742618560791,0.06566882133483887,0.02957550287246704,0,0.0,0,0.0,1,1.0,1,1.0,1,1.0,0.024023032188415526
163,0.1,2,-0.014250800013542175,-0.001341313123703003,0.3724960684776306,0.11847801208496093,0.056355252861976624,-0.005778843164443969,-1,-0.2,0,0.0,1,0.2,1,1.0,1,1.0,-0.012909486889839172
307,0.1,1,-0.002494409680366516,0.03946312665939331,0.3267366290092468,0.1876962661743164,0.02239859104156494,0.04142563343048096,0,0.0,0,0.0,1,1.0,1,1.0,1,1.0,-0.04195753633975983
525,0.1,1,0.0954766571521759,0.06363075375556945,0.2410551905632019,0.14815974235534668,0.11203378438949585,0.06742087602615357,0,0.0,0,0.0,1,1.0,1,1.0,1,1.0,0.03184590339660645
512,0.1,1,-0.004798322916030884,0.02868695855140686,0.2618408203125,0.12384364604949952,0.030051827430725098,0.04281715154647827,0,0.0,0,0.0,1,1.0,1,1.0,1,1.0,-0.03348528146743775
720,0.1,1,-0.0029447078704833984,0.006570020318031311,0.2909623384475708,0.1797919750213623,0.07535281777381897,0.03647177815437317,0,0.0,0,0.0,1,1.0,1,1.0,1,1.0,-0.009514728188514709
437,0.1,1,0.19928520917892456,0.11019939780235291,0.41910380125045776,0.29087085723876954,0.19689428806304932,0.1182433545589447,0,0.0,0,0.0,1,1.0,1,1.0,1,1.0,0.08908581137657165
258,0.1,1,0.05419403314590454,0.019861888885498048,0.2821975350379944,0.10091091394424438,0.06490945816040039,0.02012760639190674,2,1.0,1,0.8,0,0.2,1,1.0,1,1.0,0.0343321442604065
249,0.1,1,-0.036411821842193604,0.0050425887107849125,0.30111193656921387,0.16392199993133544,0.11724960803985596,0.08597112894058227,0,0.4,0,0.2,1,0.8,1,1.0,1,1.0,-0.041454410552978514
476,0.1,1,-0.033909767866134644,-0.02773756980895996,0.3498486280441284,0.2017883062362671,0.05891391634941101,0.026879167556762694,0,0.0,0,0.0,1,1.0,1,1.0,1,1.0,-0.006172198057174682
18,0.1,1,0.0163097083568573,-0.0012497305870056152,0.2586914896965027,0.10588618516921997,0.04754072427749634,0.01924717426300049,0,0.0,0,0.0,1,1.0,1,1.0,1,1.0,0.017559438943862915
358,0.1,1,0.09888103604316711,0.04597488343715668,0.2513056993484497,0.1361452579498291,0.10087838768959045,0.05512030720710755,0,0.0,0,0.0,1,1.0,1,1.0,1,1.0,0.052906152606010434
670,0.1,1,0.11088433861732483,0.03459574580192566,0.3938911557197571,0.20974931716918946,0.1721523106098175,0.095120769739151,1,0.0,1,0.0,0,1.0,1,1.0,1,1.0,0.07628859281539917
210,0.1,1,0.08328068256378174,0.04705466628074646,0.3309662342071533,0.16564804315567017,0.17160332202911377,0.0842128872871399,0,0.0,0,0.0,1,1.0,1,1.0,1,1.0,0.036226016283035276
549,0.1,1,0.08041590452194214,0.02253667712211609,0.3274914026260376,0.10308773517608642,0.10751029849052429,0.029193705320358275,0,0.0,0,0.0,1,1.0,1,1.0,1,1.0,0.05787922739982605
511,0.1,1,0.0671481192111969,0.003424280881881714,0.4518861770629883,0.2051028847694397,0.21667516231536865,0.08348798155784606,0,0.0,0,0.0,1,1.0,1,1.0,1,1.0,0.06372383832931519
473,0.1,1,0.14266344904899597,0.019094866514205933,0.440077543258667,0.1015822410583496,0.18429327011108398,0.030020546913146973,0,0.0,0,0.0,1,1.0,1,1.0,1,1.0,0.12356858253479004
608,0.1,1,0.16111896932125092,0.04365675151348114,0.3359978199005127,0.1642960786819458,0.18053004145622253,0.07179078459739685,0,0.0,0,0.0,1,1.0,1,1.0,1,1.0,0.11746221780776978
409,0.1,1,0.062063395977020264,0.016329747438430787,0.2527589797973633,0.06723041534423828,0.06156867742538452,0.01592232584953308,0,0.0,0,0.0,1,1.0,1,1.0,1,1.0,0.04573364853858948
429,0.1,1,0.1282396912574768,0.076260244846344,0.3314536213874817,0.17521296739578246,0.12268480658531189,0.08545193076133728,0,0.0,0,0.0,1,1.0,1,1.0,1,1.0,0.05197944641113281
550,0.1,1,0.16829651594161987,0.045563685894012454,0.37373852729797363,0.14053049087524414,0.18540677428245544,0.053118550777435304,0,0.0,0,0.0,1,1.0,1,1.0,1,1.0,0.12273283004760742
275,0.1,1,0.07206475734710693,0.02800810933113098,0.3562229871749878,0.12353932857513428,0.11381387710571289,0.03263818621635437,0,0.0,0,0.0,1,1.0,1,1.0,1,1.0,0.044056648015975954
613,0.1,1,0.01744753122329712,0.02293175458908081,0.2555459141731262,0.13936442136764526,0.06438499689102173,0.04204389452934265,0,0.0,0,0.0,1,1.0,1,1.0,1,1.0,-0.005484223365783691
509,0.1,3,-0.01129835844039917,-0.0021742045879364013,0.30565333366394043,0.1235584020614624,0.06813076138496399,0.014747387170791626,-2,-1.2,0,0.0,1,0.2,1,1.0,1,1.0,-0.009124153852462768
37,0.1,1,0.1030212938785553,0.01377580463886261,0.27099883556365967,0.09843319654464722,0.10096952319145203,0.012101197242736816,0,0.0,0,0.0,1,1.0,1,1.0,1,1.0,0.0892454892396927
514,0.1,1,-0.008814334869384766,0.009525179862976074,0.20212841033935547,0.0885116457939148,-0.002769172191619873,0.0069773316383361815,0,0.0,0,0.0,1,1.0,1,1.0,1,1.0,-0.01833951473236084
268,0.1,1,0.01839342713356018,-0.0029826283454895018,0.2720279097557068,0.13707752227783204,0.060042619705200195,0.010608482360839843,1,0.2,1,0.2,0,0.8,1,1.0,1,1.0,0.021376055479049683
198,0.1,1,0.10342520475387573,0.04610370397567749,0.37247949838638306,0.15670788288116455,0.1796613335609436,0.07398600578308105,0,0.0,0,0.0,1,1.0,1,1.0,1,1.0,0.05732150077819824
207,0.1,1,0.011324495077133179,0.008339542150497436,0.29918038845062256,0.10772197246551514,0.0989459753036499,0.03568090200424194,0,0.0,0,0.0,1,1.0,1,1.0,1,1.0,0.002984952926635743
454,0.1,1,0.0484776496887207,0.005421566963195801,0.23315680027008057,0.10160994529724121,0.07029902935028076,0.02177152633666992,0,0.0,0,0.0,1,1.0,1,1.0,1,1.0,0.0430560827255249
502,0.1,1,0.08713790774345398,0.0375500500202179,0.31092941761016846,0.166066312789917,0.10762929916381836,0.05545529127120972,0,0.0,0,0.0,1,1.0,1,1.0,1,1.0,0.04958785772323608
497,0.1,1,0.0804046094417572,0.03058762550354004,0.3020411729812622,0.16415575742721558,0.10862958431243896,0.0496688187122345,0,0.0,0,0.0,1,1.0,1,1.0,1,1.0,0.049816983938217166
592,0.1,1,0.0611441433429718,-0.001826012134552002,0.3090381622314453,0.08189795017242432,0.12559771537780762,0.034145689010620116,1,0.0,1,0.0,0,1.0,1,1.0,1,1.0,0.0629701554775238
105,0.1,1,0.057808756828308105,0.02913357615470886,0.4932062029838562,0.3329543709754944,0.20129626989364624,0.11549484133720397,0,0.0,0,0.0,1,1.0,1,1.0,1,1.0,0.028675180673599244
119,0.1,1,0.06839275360107422,0.027157604694366455,0.33411145210266113,0.149124813079834,0.09153807163238525,0.05097296237945557,0,0.0,0,0.0,1,1.0,1,1.0,1,1.0,0.041235148906707764
633,0.1,1,0.2559185326099396,0.0858603298664093,0.34438467025756836,0.14111073017120362,0.2569205164909363,0.08768719434738159,0,0.0,0,0.0,1,1.0,1,1.0,1,1.0,0.17005820274353028
266,0.1,1,0.03692394495010376,0.0075909137725830075,0.33278632164001465,0.08765366077423095,0.145064115524292,0.03607186675071716,0,0.0,0,0.0,1,1.0,1,1.0,1,1.0,0.02933303117752075
674,0.1,1,0.1222282350063324,0.06586382389068604,0.32874464988708496,0.17173768281936647,0.1581895649433136,0.08442864418029786,0,0.0,0,0.0,1,1.0,1,1.0,1,1.0,0.05636441111564636
394,0.1,1,0.021047323942184448,0.010485190153121948,0.25897830724716187,0.1225581169128418,0.10467490553855896,0.03719907999038696,0,0.0,0,0.0,1,1.0,1,1.0,1,1.0,0.0105621337890625
616,0.1,1,0.06352344155311584,0.021986562013626098,0.31445062160491943,0.11185622215270996,0.07106152176856995,0.044766288995742795,0,0.0,0,0.0,1,1.0,1,1.0,1,1.0,0.04153687953948974
112,0.1,1,0.09892682731151581,0.007454186677932739,0.3403761386871338,0.21869027614593506,0.181809663772583,0.09381608366966247,0,0.0,0,0.0,1,1.0,1,1.0,1,1.0,0.09147264063358307
397,0.1,1,0.0013588666915893555,0.026298636198043825,0.37818145751953125,0.1650105595588684,0.13075166940689087,0.06159325242042542,0,0.0,0,0.0,1,1.0,1,1.0,1,1.0,-0.02493976950645447
464,0.1,1,0.13201598823070526,0.03126401305198669,0.41115856170654297,0.13566004037857055,0.1612870693206787,0.03912861347198486,0,0.0,0,0.0,1,1.0,1,1.0,1,1.0,0.10075197517871856
693,0.1,1,0.07070964574813843,0.0356450080871582,0.35374367237091064,0.20224566459655763,0.17408543825149536,0.10710824131965638,2,0.8,1,0.6,0,0.4,1,1.0,1,1.0,0.035064637660980225
349,0.1,1,0.06821019947528839,0.01802912950515747,0.4542348384857178,0.11618452072143555,0.2657974362373352,0.06375566720962525,0,0.0,0,0.0,1,1.0,1,1.0,1,1.0,0.05018106997013092
487,0.1,1,0.14946922659873962,0.06727085709571838,0.43057286739349365,0.24035563468933105,0.1899023950099945,0.09705713987350464,0,0.0,0,0.0,1,1.0,1,1.0,1,1.0,0.08219836950302124
733,0.1,1,0.036220043897628784,0.021741724014282225,0.25631701946258545,0.10193402767181396,0.06997045874595642,0.0416334331035614,0,0.0,0,0.0,1,1.0,1,1.0,1,1.0,0.014478319883346559
471,0.1,20,-0.007298663258552551,0.006940630078315735,0.4009009599685669,0.11366784572601318,0.03511495888233185,0.019950905442237855,5,26.8,0,0.0,0,0.0,0,0.0,0,0.0,-0.014239293336868287
687,0.1,1,0.08491995930671692,0.032664287090301516,0.38775062561035156,0.14003939628601075,0.21911287307739258,0.07279499769210815,0,0.0,0,0.0,1,1.0,1,1.0,1,1.0,0.0522556722164154
253,0.1,1,0.01860266923904419,0.009885597229003906,0.26468420028686523,0.12644455432891846,0.09466773271560669,0.05364216566085815,0,0.0,0,0.0,1,1.0,1,1.0,1,1.0,0.008717072010040284
333,0.1,1,0.01523473858833313,0.01708862781524658,0.3576590418815613,0.16388247013092042,0.1334172487258911,0.058720701932907106,0,0.0,0,0.0,1,1.0,1,1.0,1,1.0,-0.0018538892269134508
34,0.1,67,-0.02237534523010254,0.003805980086326599,0.30362558364868164,0.21149741411209105,-0.010302603244781494,0.010559672117233276,-46,53.0,0,0.0,0,0.0,0,0.0,0,0.0,-0.026181325316429138
290,0.1,1,0.0006600916385650635,-0.011843615770339965,0.33492422103881836,0.1558459520339966,0.07558107376098633,0.019015932083129884,0,0.0,0,0.0,1,1.0,1,1.0,1,1.0,0.012503707408905029
110,0.1,1,-0.021192848682403564,0.005177098512649536,0.1596527099609375,0.08332182168960571,0.06241947412490845,0.037820637226104736,0,0.0,0,0.0,1,1.0,1,1.0,1,1.0,-0.0263699471950531
301,0.1,1,0.05099368095397949,0.02370036244392395,0.2639680504798889,0.1168962836265564,0.06370773911476135,0.03104449510574341,0,0.0,0,0.0,1,1.0,1,1.0,1,1.0,0.027293318510055543
489,0.1,1,0.19060176610946655,0.11351855397224427,0.3807556629180908,0.24001705646514893,0.21961840987205505,0.13343036770820618,0,0.0,0,0.0,1,1.0,1,1.0,1,1.0,0.07708321213722229
154,0.1,1,0.007761746644973755,0.029888549447059633,0.3055340051651001,0.19233702421188353,0.05641874670982361,0.06114791631698609,0,0.0,0,0.0,1,1.0,1,1.0,1,1.0,-0.022126802802085878
481,0.1,1,0.03112092614173889,0.002962017059326172,0.2625476121902466,0.07404675483703613,0.08189600706100464,0.01823950409889221,0,0.0,0,0.0,1,1.0,1,1.0,1,1.0,0.02815890908241272
602,0.1,9,0.10789892077445984,0.018218500912189482,0.23846983909606934,0.12151834964752198,0.07738015055656433,0.025261293351650237,537,51.2,0,0.0,0,0.0,0,0.0,0,0.2,0.08968041986227035
48,0.1,1,0.0901305079460144,0.04580339789390564,0.25946933031082153,0.2070545196533203,0.09831631183624268,0.04934471845626831,0,0.0,0,0.0,1,1.0,1,1.0,1,1.0,0.044327110052108765
192,0.1,1,0.002934962511062622,0.011972302198410034,0.3062833547592163,0.20995723009109496,0.004707112908363342,0.013673990964889526,1,2.2,1,0.6,0,0.4,1,0.8,1,1.0,-0.009037339687347412
576,0.1,1,0.003102809190750122,-0.007209497690200806,0.3097955584526062,0.09008002281188965,0.12155315279960632,0.024113184213638304,0,0.0,0,0.0,1,1.0,1,1.0,1,1.0,0.010312306880950927
350,0.1,1,0.12785036861896515,0.013283777236938476,0.518698513507843,0.0858727216720581,0.31358152627944946,0.03560583591461182,0,0.0,0,0.0,1,1.0,1,1.0,1,1.0,0.11456659138202667
527,0.1,1,0.046544790267944336,-0.0013365447521209717,0.27855682373046875,0.11506317853927613,0.06868934631347656,0.03785237669944763,0,0.0,0,0.0,1,1.0,1,1.0,1,1.0,0.04788133502006531
152,0.1,1,-0.025510340929031372,-0.0001961827278137207,0.35106682777404785,0.20941927433013915,0.12022474408149719,0.06074494123458862,0,0.0,0,0.0,1,1.0,1,1.0,1,1.0,-0.02531415820121765
66,0.1,3,-0.06513682007789612,-0.004354348778724671,0.2864132523536682,0.10313954353332519,0.02379438281059265,0.01513952910900116,-2,-0.4,0,0.0,1,0.0,1,1.0,1,1.0,-0.06078247129917145
355,0.1,1,0.04915499687194824,0.0036848664283752443,0.3643306493759155,0.10918300151824951,0.19063568115234375,0.03519829511642456,0,0.0,0,0.0,1,1.0,1,1.0,1,1.0,0.045470130443572995
589,0.1,1,0.07390928268432617,0.03934323787689209,0.35468852519989014,0.17459524869918824,0.09581896662712097,0.0429590106010437,0,0.0,0,0.0,1,1.0,1,1.0,1,1.0,0.03456604480743408
241,0.1,18,-0.028969526290893555,-0.019216370582580567,0.24943101406097412,0.12501201629638672,0.03759142756462097,0.012276595830917359,0,-5.0,0,0.0,0,0.0,0,0.0,0,0.0,-0.009753155708312988
234,0.1,1,0.03282308578491211,0.037070608139038085,0.45130181312561035,0.127155601978302,0.09997585415840149,0.05167690515518188,0,0.0,0,0.0,1,1.0,1,1.0,1,1.0,-0.004247522354125975
542,0.1,1,0.12498149275779724,0.01571865975856781,0.43982434272766113,0.16470314264297486,0.14805763959884644,0.029263532161712645,0,0.0,0,0.0,1,1.0,1,1.0,1,1.0,0.10926283299922943
22,0.1,1,0.10142740607261658,0.045147931575775145,0.3237230181694031,0.17831997871398925,0.1735069751739502,0.06576835513114929,0,0.0,0,0.0,1,1.0,1,1.0,1,1.0,0.05627947449684143
474,0.1,1,0.16518095135688782,0.0761572539806366,0.3651368021965027,0.22776715755462645,0.22411176562309265,0.13522120714187622,0,0.0,0,0.0,1,1.0,1,1.0,1,1.0,0.08902369737625122
658,0.1,1,0.16746506094932556,0.04268271923065185,0.31084340810775757,0.14088876247406007,0.1965961456298828,0.07763708233833314,0,0.0,0,0.0,1,1.0,1,1.0,1,1.0,0.12478234171867371
313,0.1,1,0.007118344306945801,0.013836514949798585,0.24706077575683594,0.17185516357421876,0.05298224091529846,0.034355825185775755,0,0.0,0,0.0,1,1.0,1,1.0,1,1.0,-0.006718170642852784
250,0.15,1,0.026471734046936035,0.01824415326118469,0.4211106300354004,0.338288414478302,0.11447468400001526,0.08220636248588561,0,0.0,0,0.0,1,1.0,1,1.0,1,1.0,0.008227580785751344
190,0.15,1,0.07157358527183533,0.017869621515274048,0.4637412428855896,0.17834819555282594,0.2954102158546448,0.09414072632789612,0,0.0,0,0.0,1,1.0,1,1.0,1,1.0,0.05370396375656128
505,0.15,1,0.11921733617782593,0.031170803308486938,0.41698139905929565,0.21566025018692017,0.1331266462802887,0.07854506373405457,4,0.6,1,0.2,0,0.8,1,1.0,1,1.0,0.08804653286933899
486,0.15,1,0.005737602710723877,0.019793051481246948,0.5195339322090149,0.2915905833244324,0.08905327320098877,0.06368191838264466,0,0.4,0,0.2,1,0.8,1,1.0,1,1.0,-0.01405544877052307
72,0.15,1,0.10086816549301147,0.04617026448249817,0.36761558055877686,0.27604691982269286,0.15859821438789368,0.10249366760253906,0,0.0,0,0.0,1,1.0,1,1.0,1,1.0,0.054697901010513306
222,0.15,1,0.02752809226512909,0.005892112851142883,0.5020791292190552,0.13239748477935792,0.07342961430549622,0.02986355423927307,0,0.0,0,0.0,1,1.0,1,1.0,1,1.0,0.021635979413986206
42,0.15,1,0.06617653369903564,0.007615077495574951,0.20873022079467773,0.13532595634460448,0.04247939586639404,0.004950779676437378,0,0.0,0,0.0,1,1.0,1,1.0,1,1.0,0.05856145620346069
59,0.15,1,0.04571753740310669,0.04125881791114807,0.2804951071739197,0.144916832447052,0.16792887449264526,0.0894817590713501,0,0.0,0,0.0,1,1.0,1,1.0,1,1.0,0.0044587194919586196
598,0.15,1,0.16474981606006622,0.13458095192909242,0.40846896171569824,0.26572571992874144,0.20540013909339905,0.1220714807510376,0,0.0,0,0.0,1,1.0,1,1.0,1,1.0,0.030168864130973805
136,0.15,1,0.08568477630615234,0.03320748209953308,0.4239656925201416,0.21532258987426758,0.1463395357131958,0.07010374665260315,0,0.0,0,0.0,1,1.0,1,1.0,1,1.0,0.052477294206619264
686,0.15,1,0.21939916908740997,0.08474841117858886,0.6828088760375977,0.1985345959663391,0.28323692083358765,0.1079621136188507,0,0.0,0,0.0,1,1.0,1,1.0,1,1.0,0.1346507579088211
567,0.15,1,0.05933097004890442,0.0449314296245575,0.4114152193069458,0.18876484632492066,0.2319273054599762,0.11083550453186035,0,0.0,0,0.0,1,1.0,1,1.0,1,1.0,0.014399540424346921
343,0.15,1,0.08923149108886719,0.059098070859909056,0.3056752681732178,0.17139070034027098,0.12099480628967285,0.06758413314819336,0,0.0,0,0.0,1,1.0,1,1.0,1,1.0,0.03013342022895813
482,0.15,1,0.05472227931022644,0.05619233250617981,0.35132306814193726,0.2749475479125977,0.11556851863861084,0.11040850281715393,0,0.0,0,0.0,1,1.0,1,1.0,1,1.0,-0.0014700531959533705
689,0.15,1,0.08647912740707397,0.030899852514266968,0.43413400650024414,0.12784459590911865,0.22930699586868286,0.057179808616638184,0,0.0,0,0.0,1,1.0,1,1.0,1,1.0,0.05557927489280701
129,0.15,1,0.039873287081718445,0.023808470368385314,0.3952749967575073,0.2546824932098389,0.04201731085777283,0.004420825839042663,0,0.0,0,0.0,1,1.0,1,1.0,1,1.0,0.01606481671333313
334,0.15,1,0.13236108422279358,0.08149982392787933,0.436450719833374,0.27773324251174925,0.23149943351745605,0.12929700016975404,0,0.0,0,0.0,1,1.0,1,1.0,1,1.0,0.05086126029491425
242,0.15,1,-0.003930807113647461,-0.002736860513687134,0.4370502233505249,0.25305585861206054,0.16576537489891052,0.09140493869781494,0,0.4,0,0.4,1,0.6,1,1.0,1,1.0,-0.001193946599960327
211,0.15,1,0.10057681798934937,0.04486989378929138,0.38856732845306396,0.19004430770874023,0.12664353847503662,0.08596069812774658,0,0.0,0,0.0,1,1.0,1,1.0,1,1.0,0.05570692420005798
315,0.15,18,0.02338305115699768,0.0029694437980651855,0.15090620517730713,0.10638798475265503,-0.033884257078170776,0.0038566350936889648,0,0.0,0,0.0,0,0.0,0,0.0,0,0.0,0.020413607358932495
332,0.15,1,0.02356410026550293,0.027699702978134157,0.34810376167297363,0.3062718629837036,0.019282042980194092,0.012266170978546143,0,0.0,0,0.0,1,1.0,1,1.0,1,1.0,-0.004135602712631227
544,0.15,1,0.16465944051742554,0.08314170241355896,0.3908557891845703,0.13603519201278685,0.18592500686645508,0.06948028206825256,0,0.0,0,0.0,1,1.0,1,1.0,1,1.0,0.08151773810386657
43,0.15,1,0.07001318037509918,0.027284422516822816,0.3440478444099426,0.1613323211669922,0.0809115469455719,0.04951030611991882,0,0.0,0,0.0,1,1.0,1,1.0,1,1.0,0.042728757858276366
36,0.15,1,0.0845268964767456,0.01897246241569519,0.3774425983428955,0.18892972469329833,0.22023698687553406,0.08983218073844909,3,0.4,1,0.2,0,0.8,1,1.0,1,1.0,0.06555443406105041
245,0.15,1,0.23239821195602417,0.029741561412811278,0.39045214653015137,0.15520204305648805,0.24616679549217224,0.07466485500335693,0,0.0,0,0.0,1,1.0,1,1.0,1,1.0,0.20265665054321289
624,0.15,1,0.060527950525283813,0.04288477897644043,0.30656301975250244,0.16093666553497316,0.07562515139579773,0.035862529277801515,0,0.0,0,0.0,1,1.0,1,1.0,1,1.0,0.017643171548843387
163,0.15,2,-0.005213096737861633,-0.007405903935432434,0.47375714778900146,0.2647029161453247,0.031150534749031067,0.011382898688316346,0,-0.4,0,0.0,0,0.4,1,1.0,1,1.0,0.0021928071975708006
307,0.15,1,0.031132176518440247,0.05997353196144104,0.41764765977859497,0.22509852647781373,0.0503290593624115,0.07417607605457306,0,0.0,0,0.0,1,1.0,1,1.0,1,1.0,-0.028841355443000795
525,0.15,1,0.13759350776672363,0.0669396162033081,0.3596082925796509,0.143702495098114,0.17405635118484497,0.06747047901153565,0,0.0,0,0.0,1,1.0,1,1.0,1,1.0,0.07065389156341553
512,0.15,1,-0.004599332809448242,0.04295295476913452,0.33997130393981934,0.1602159023284912,0.06352567672729492,0.07364311218261718,0,0.0,0,0.0,1,1.0,1,1.0,1,1.0,-0.047552287578582764
720,0.15,1,0.03207568824291229,0.03965233564376831,0.4411427974700928,0.20585862398147584,0.12091457843780518,0.052122652530670166,0,0.0,0,0.0,1,1.0,1,1.0,1,1.0,-0.007576647400856021
437,0.15,1,0.21461157500743866,0.07720248401165009,0.4899376630783081,0.20165538787841797,0.20753896236419678,0.08102988600730895,0,0.0,0,0.0,1,1.0,1,1.0,1,1.0,0.13740909099578857
258,0.15,1,0.029843181371688843,0.03368082642555237,0.3663526177406311,0.21525100469589234,0.06278204917907715,0.02720373272895813,2,1.0,1,0.8,0,0.2,1,1.0,1,1.0,-0.0038376450538635254
249,0.15,1,0.01024523377418518,-0.015743499994277953,0.41658997535705566,0.16346460580825806,0.17578759789466858,0.07745875120162964,0,0.2,0,0.2,1,0.8,1,1.0,1,1.0,0.025988733768463133
476,0.15,1,-0.035181641578674316,-0.010917818546295166,0.39943182468414307,0.14338186979293824,0.10532307624816895,0.04123939871788025,0,0.0,0,0.0,1,1.0,1,1.0,1,1.0,-0.024263823032379152
18,0.15,1,0.05684173107147217,0.02118954062461853,0.31919634342193604,0.1377135157585144,0.051841020584106445,0.04742242097854614,0,0.0,0,0.0,1,1.0,1,1.0,1,1.0,0.03565219044685364
358,0.15,1,0.13732033967971802,0.06512393057346344,0.3042585849761963,0.1820611000061035,0.15670502185821533,0.06783378720283509,0,0.0,0,0.0,1,1.0,1,1.0,1,1.0,0.07219640910625458
670,0.15,1,0.13103914260864258,0.02955699563026428,0.47747117280960083,0.2319901704788208,0.21997946500778198,0.10311957597732543,2,0.0,1,0.0,0,1.0,1,1.0,1,1.0,0.10148214697837829
210,0.15,1,0.15857815742492676,0.08648662865161896,0.5283870100975037,0.30374507904052733,0.304350882768631,0.16985164880752562,0,0.0,0,0.0,1,1.0,1,1.0,1,1.0,0.0720915287733078
549,0.15,1,0.16180826723575592,0.037569713592529294,0.48156094551086426,0.15789988040924072,0.19232970476150513,0.0589335560798645,0,0.0,0,0.0,1,1.0,1,1.0,1,1.0,0.12423855364322663
511,0.15,1,0.0804976224899292,-0.0028016984462738035,0.5097217559814453,0.21272801160812377,0.25641822814941406,0.1030827820301056,0,0.0,0,0.0,1,1.0,1,1.0,1,1.0,0.083299320936203
473,0.15,1,0.21805107593536377,0.059713196754455564,0.5261467695236206,0.20593999624252318,0.2676115334033966,0.08104847669601441,0,0.0,0,0.0,1,1.0,1,1.0,1,1.0,0.1583378791809082
608,0.15,1,0.19541499018669128,0.06421346068382264,0.41643333435058594,0.21571240425109864,0.2362404465675354,0.10377914309501649,0,0.0,0,0.0,1,1.0,1,1.0,1,1.0,0.13120152950286865
409,0.15,1,0.10931184887886047,0.035777229070663455,0.40746986865997314,0.09239404201507569,0.10643705725669861,0.030342692136764528,0,0.0,0,0.0,1,1.0,1,1.0,1,1.0,0.07353461980819702
429,0.15,1,0.1157287061214447,0.06691338419914246,0.4230642318725586,0.2605785369873047,0.138240784406662,0.08797955513000488,0,0.0,0,0.0,1,1.0,1,1.0,1,1.0,0.04881532192230224
550,0.15,1,0.21629071235656738,0.07586661279201508,0.4891871213912964,0.1904314160346985,0.23901546001434326,0.0902735710144043,0,0.0,0,0.0,1,1.0,1,1.0,1,1.0,0.14042409956455232
275,0.15,1,0.12002947926521301,0.04485539197921753,0.442563533782959,0.18196656703948974,0.17859378457069397,0.05225725769996643,0,0.0,0,0.0,1,1.0,1,1.0,1,1.0,0.07517408728599548
613,0.15,1,0.07834374904632568,0.06049662232398987,0.3864138126373291,0.26280066967010496,0.10635063052177429,0.0971604824066162,1,2.4,1,0.6,0,0.4,1,0.8,1,1.0,0.017847126722335814
509,0.15,3,-0.05666083097457886,-0.01992080807685852,0.4234631061553955,0.21199897527694703,0.09536516666412354,0.04532536268234253,-2,-1.6,0,0.0,1,0.6,1,1.0,1,1.0,-0.03674002289772034
37,0.15,1,0.12109896540641785,0.043858876824378966,0.32806897163391113,0.1574025869369507,0.1027633547782898,0.06514904499053956,0,0.0,0,0.0,1,1.0,1,1.0,1,1.0,0.07724008858203887
514,0.15,1,0.03154626488685608,0.030757594108581542,0.2751808166503906,0.0923803210258484,0.05234968662261963,0.02451385259628296,0,0.0,0,0.0,1,1.0,1,1.0,1,1.0,0.0007886707782745368
268,0.15,1,0.023458093404769897,0.011303621530532836,0.3759627938270569,0.19785979986190796,0.09756994247436523,0.03999699950218201,1,0.6,1,0.4,0,0.6,1,1.0,1,1.0,0.012154471874237061
198,0.15,1,0.1290220320224762,0.06278040409088134,0.4541710615158081,0.2445163130760193,0.20216408371925354,0.1259998381137848,0,0.0,0,0.0,1,1.0,1,1.0,1,1.0,0.06624162793159485
207,0.15,1,0.05046001076698303,-0.0007391214370727539,0.37269818782806396,0.06361942291259766,0.16333270072937012,0.0248046875,0,0.0,0,0.0,1,1.0,1,1.0,1,1.0,0.05119913220405579
454,0.15,1,0.04680436849594116,0.013635295629501342,0.2865176796913147,0.18609143495559693,0.06395834684371948,0.048065286874771115,0,0.0,0,0.0,1,1.0,1,1.0,1,1.0,0.03316907286643982
502,0.15,1,0.09439381957054138,0.03554940223693848,0.41528868675231934,0.19697215557098388,0.1596314013004303,0.07053428888320923,0,0.0,0,0.0,1,1.0,1,1.0,1,1.0,0.058844417333602905
497,0.15,1,0.12328508496284485,0.05964846909046173,0.3830310106277466,0.2838762879371643,0.1464841663837433,0.07589389681816101,0,0.0,0,0.0,1,1.0,1,1.0,1,1.0,0.06363661587238312
592,0.15,1,0.06450852751731873,0.017783927917480468,0.401106059551239,0.23139946460723876,0.16817164421081543,0.10966070294380188,1,0.4,1,0.4,0,0.6,1,1.0,1,1.0,0.046724599599838254
105,0.15,1,0.05336257815361023,0.023044770956039427,0.5295944213867188,0.20663037300109863,0.2243245244026184,0.07614770531654358,0,0.0,0,0.0,1,1.0,1,1.0,1,1.0,0.030317807197570802
119,0.15,1,0.11791831254959106,0.06095455884933472,0.42078977823257446,0.2214740753173828,0.13399890065193176,0.0742031991481781,0,0.0,0,0.0,1,1.0,1,1.0,1,1.0,0.056963753700256345
633,0.15,1,0.3013373613357544,0.0781995952129364,0.4700760245323181,0.15525509119033815,0.3209240734577179,0.07913072109222412,0,0.0,0,0.0,1,1.0,1,1.0,1,1.0,0.223137766122818
266,0.15,1,0.07786232233047485,0.046358877420425416,0.4929744601249695,0.253892183303833,0.21643736958503723,0.09859919548034668,0,0.0,0,0.0,1,1.0,1,1.0,1,1.0,0.03150344491004944
674,0.15,1,0.19559448957443237,0.1089302659034729,0.4234139919281006,0.3029621601104736,0.19623517990112305,0.1461944878101349,0,0.0,0,0.0,1,1.0,1,1.0,1,1.0,0.08666422367095947
394,0.15,1,0.07526472210884094,0.052931678295135495,0.39831531047821045,0.22315921783447265,0.1641228199005127,0.1006932258605957,0,0.0,0,0.0,1,1.0,1,1.0,1,1.0,0.022333043813705447
616,0.15,1,0.06070214509963989,0.05251012742519379,0.4241074323654175,0.24094244241714477,0.11271703243255615,0.07747690677642823,0,0.0,0,0.0,1,1.0,1,1.0,1,1.0,0.008192017674446106
112,0.15,1,0.04166442155838013,0.03616619408130646,0.439161479473114,0.2613814353942871,0.15834647417068481,0.11973645091056824,0,0.0,0,0.0,1,1.0,1,1.0,1,1.0,0.005498227477073667
397,0.15,1,0.025679022073745728,0.02875523567199707,0.45182931423187256,0.15150582790374756,0.13985443115234375,0.058355939388275144,0,0.0,0,0.0,1,1.0,1,1.0,1,1.0,-0.003076213598251342
464,0.15,1,0.2094237059354782,0.05539807379245758,0.5490701198577881,0.20016099214553834,0.21669495105743408,0.053011083602905275,0,0.0,0,0.0,1,1.0,1,1.0,1,1.0,0.15402563214302062
693,0.15,1,0.06558391451835632,0.040469241142272946,0.4477142095565796,0.28278704881668093,0.18751350045204163,0.10718127489089965,4,1.0,1,0.8,0,0.2,1,1.0,1,1.0,0.025114673376083377
349,0.15,1,0.11298331618309021,0.06005991697311401,0.5473849177360535,0.2686208486557007,0.3046952188014984,0.15894136428833008,0,0.0,0,0.0,1,1.0,1,1.0,1,1.0,0.0529233992099762
487,0.15,1,0.19754090905189514,0.08392640352249145,0.48460912704467773,0.26112903356552125,0.22940874099731445,0.10261671543121338,0,0.0,0,0.0,1,1.0,1,1.0,1,1.0,0.11361450552940369
733,0.15,1,0.037708163261413574,0.03158438205718994,0.320453405380249,0.15171530246734619,0.08654966950416565,0.05386065244674683,0,0.0,0,0.0,1,1.0,1,1.0,1,1.0,0.006123781204223633
471,0.15,20,0.023548319935798645,0.013914558291435241,0.4454665780067444,0.2848550796508789,0.045429691672325134,0.018586751818656922,71,24.0,0,0.0,0,0.0,0,0.0,0,0.0,0.009633761644363404
687,0.15,1,0.14623069763183594,0.05247494578361511,0.49475687742233276,0.2652027249336243,0.2893114984035492,0.16695367097854613,0,0.0,0,0.0,1,1.0,1,1.0,1,1.0,0.09375575184822083
253,0.15,1,0.082232266664505,0.043209129571914674,0.3773094415664673,0.2347741484642029,0.18080765008926392,0.12206184267997741,0,0.0,0,0.0,1,1.0,1,1.0,1,1.0,0.03902313709259033
333,0.15,1,0.04269087314605713,0.047653526067733765,0.4167035222053528,0.17348201274871827,0.14657506346702576,0.047495830059051516,0,0.0,0,0.0,1,1.0,1,1.0,1,1.0,-0.004962652921676636
34,0.15,67,0.00978820025920868,-0.020605887472629546,0.46712470054626465,0.24453210830688477,0.039014726877212524,0.00576888769865036,111,48.4,0,0.0,0,0.0,0,0.2,0,0.2,0.030394087731838226
290,0.15,1,-0.007624924182891846,0.0020771145820617674,0.37041592597961426,0.24137120246887206,0.08009585738182068,0.05437598824501037,0,0.6,0,0.2,1,0.8,1,1.0,1,1.0,-0.009702038764953614
110,0.15,1,-0.014314413070678711,0.015076184272766113,0.20186305046081543,0.1388924241065979,0.07737916707992554,0.0746966004371643,0,0.0,0,0.0,1,1.0,1,1.0,1,1.0,-0.029390597343444826
301,0.15,1,0.058399975299835205,0.01784641146659851,0.3571017384529114,0.1569187045097351,0.10081556439399719,0.04338136315345764,0,0.0,0,0.0,1,1.0,1,1.0,1,1.0,0.040553563833236696
489,0.15,1,0.24713599681854248,0.09775124788284302,0.43372422456741333,0.23847161531448363,0.28704169392585754,0.1159592866897583,0,0.0,0,0.0,1,1.0,1,1.0,1,1.0,0.14938474893569947
154,0.15,1,0.02459612488746643,0.03527604341506958,0.3717655539512634,0.26789470911026003,0.06662330031394958,0.07385239899158477,0,0.0,0,0.0,1,1.0,1,1.0,1,1.0,-0.010679918527603152
481,0.15,1,0.05122378468513489,0.021692246198654175,0.28649765253067017,0.15545817613601684,0.10562565922737122,0.04836634993553161,0,0.0,0,0.0,1,1.0,1,1.0,1,1.0,0.029531538486480713
602,0.15,9,0.0986950546503067,0.028301237523555754,0.3435380458831787,0.18227503299713135,0.07766610383987427,0.03017680048942566,562,101.4,0,0.0,0,0.0,0,0.0,0,0.2,0.07039381712675094
48,0.15,1,0.1229015588760376,0.10989117324352264,0.32605957984924316,0.24128334522247313,0.13592317700386047,0.10998389720916749,0,0.0,0,0.0,1,1.0,1,1.0,1,1.0,0.013010385632514956
192,0.15,1,0.020959794521331787,0.015252149105072022,0.3992021679878235,0.24849518537521362,0.01519826054573059,0.025819876790046693,2,4.4,1,0.8,0,0.2,1,0.6,1,0.8,0.005707645416259765
576,0.15,1,0.016475915908813477,0.013999533653259278,0.3742043972015381,0.250856876373291,0.11558061838150024,0.07598766088485717,0,0.0,0,0.0,1,1.0,1,1.0,1,1.0,0.0024763822555541985
350,0.15,1,0.15073545277118683,0.02637358903884888,0.5673360228538513,0.22927603721618653,0.3340960144996643,0.10015963315963745,0,0.0,0,0.0,1,1.0,1,1.0,1,1.0,0.12436186373233796
527,0.15,1,0.06256884336471558,0.0023570537567138674,0.3933655023574829,0.17271664142608642,0.08632588386535645,0.038232225179672244,0,0.0,0,0.0,1,1.0,1,1.0,1,1.0,0.060211789608001706
152,0.15,1,0.023710668087005615,0.03409782648086548,0.4721609354019165,0.1662507176399231,0.16756367683410645,0.06427388191223145,0,0.0,0,0.0,1,1.0,1,1.0,1,1.0,-0.010387158393859862
66,0.15,3,-0.04872739315032959,-0.009340429306030273,0.33880555629730225,0.13892799615859985,0.03651866316795349,0.021360129117965698,-2,-0.4,0,0.0,1,0.2,1,1.0,1,1.0,-0.039386963844299315
355,0.15,1,0.04402780532836914,0.029908180236816406,0.5027035474777222,0.2549522876739502,0.2378869354724884,0.09302918910980225,0,0.0,0,0.0,1,1.0,1,1.0,1,1.0,0.014119625091552734
589,0.15,1,0.15367305278778076,0.06481258273124695,0.5046025514602661,0.27689887285232545,0.18456298112869263,0.08254771232604981,0,0.0,0,0.0,1,1.0,1,1.0,1,1.0,0.08886047005653382
241,0.15,18,-0.013258293271064758,-0.027131932973861694,0.3589157462120056,0.21844220161437988,0.07716856896877289,0.010655313730239868,15,-5.2,0,0.0,0,0.2,0,0.4,0,0.4,0.013873639702796935
234,0.15,1,0.06615358591079712,0.05891240835189819,0.5337451100349426,0.28738702535629274,0.13590148091316223,0.09243307709693908,0,0.0,0,0.0,1,1.0,1,1.0,1,1.0,0.0072411775588989286
542,0.15,1,0.13747483491897583,-0.015539255738258363,0.4915640950202942,0.14078370332717896,0.1429193615913391,-0.0009258627891540527,1,0.0,1,0.0,0,1.0,1,1.0,1,1.0,0.1530140906572342
22,0.15,1,0.1121608316898346,0.08727760016918182,0.46449702978134155,0.3294426918029785,0.20484450459480286,0.15118224620819093,0,0.0,0,0.0,1,1.0,1,1.0,1,1.0,0.024883231520652777
474,0.15,1,0.1891864389181137,0.08086540400981904,0.4203760027885437,0.22625926733016968,0.2631567120552063,0.1333203136920929,0,0.0,0,0.0,1,1.0,1,1.0,1,1.0,0.10832103490829467
658,0.15,1,0.15010634064674377,0.03556068539619446,0.38397616147994995,0.15161590576171874,0.20949649810791016,0.06040681004524231,0,0.0,0,0.0,1,1.0,1,1.0,1,1.0,0.11454565525054931
313,0.15,1,0.04643261432647705,0.01848623752593994,0.3568546772003174,0.09700779914855957,0.08883035182952881,0.02548235058784485,0,0.0,0,0.0,1,1.0,1,1.0,1,1.0,0.02794637680053711
250,0.2,1,0.03679174184799194,0.011834543943405152,0.46324706077575684,0.22263610363006592,0.1140337586402893,0.05718901753425598,0,0.0,0,0.0,1,1.0,1,1.0,1,1.0,0.02495719790458679
190,0.2,1,0.07295301556587219,0.024915045499801634,0.5261552333831787,0.218148672580719,0.3057938516139984,0.1128699779510498,0,0.0,0,0.0,1,1.0,1,1.0,1,1.0,0.04803797006607056
505,0.2,1,0.13246142864227295,0.04807483553886414,0.4275684952735901,0.23615570068359376,0.13572239875793457,0.08119130730628968,5,1.4,1,0.4,0,0.6,0,0.8,1,1.0,0.08438659310340882
486,0.2,1,0.15159183740615845,0.03471161127090454,0.6437147855758667,0.35277111530303956,0.17642316222190857,0.10129907727241516,33,1.8,1,0.4,0,0.6,0,0.8,0,1.0,0.11688022613525391
72,0.2,1,0.11969965696334839,0.008610177040100097,0.4281826615333557,0.10846705436706543,0.20387345552444458,0.0321885347366333,0,0.0,0,0.0,1,1.0,1,1.0,1,1.0,0.11108947992324829
222,0.2,1,0.04062971472740173,0.028144291043281554,0.5159013271331787,0.2981584668159485,0.07786044478416443,0.05658338665962219,0,0.0,0,0.0,1,1.0,1,1.0,1,1.0,0.01248542368412018
42,0.2,1,0.11774629354476929,0.035378885269165036,0.3456568717956543,0.19633198976516725,0.09417340159416199,0.0503328800201416,0,0.0,0,0.0,1,1.0,1,1.0,1,1.0,0.08236740827560425
59,0.2,1,0.058284878730773926,0.0626928448677063,0.39230358600616455,0.15041007995605468,0.22711703181266785,0.09949785470962524,0,0.0,0,0.0,1,1.0,1,1.0,1,1.0,-0.0044079661369323675
598,0.2,1,0.21260406076908112,0.14877780377864838,0.5606244206428528,0.3527770757675171,0.24602967500686646,0.15207477211952208,0,0.0,0,0.0,1,1.0,1,1.0,1,1.0,0.06382625699043273
136,0.2,1,0.07780948281288147,0.05308717787265778,0.4623793363571167,0.35295199155807494,0.13488879799842834,0.11180182993412018,0,0.0,0,0.0,1,1.0,1,1.0,1,1.0,0.02472230494022369
686,0.2,1,0.2978314310312271,0.11288496255874633,0.737058162689209,0.26132361888885497,0.3540150672197342,0.12247052192687988,20,0.0,1,0.0,0,1.0,0,1.0,0,1.0,0.18494646847248078
567,0.2,1,0.09285673499107361,0.04281960725784302,0.5351410508155823,0.20866159200668336,0.29682931303977966,0.10884405374526977,0,0.0,0,0.0,1,1.0,1,1.0,1,1.0,0.05003712773323059
343,0.2,1,0.1087360680103302,0.13511616587638856,0.35574090480804443,0.3296313524246216,0.15438932180404663,0.14593132138252257,0,0.0,0,0.0,1,1.0,1,1.0,1,1.0,-0.026380097866058355
482,0.2,1,0.06785154342651367,0.030981671810150147,0.44392991065979004,0.23214256763458252,0.16155576705932617,0.07712337970733643,0,0.0,0,0.0,1,1.0,1,1.0,1,1.0,0.03686987161636353
689,0.2,1,0.07932302355766296,0.033597880601882936,0.47830796241760254,0.24131697416305542,0.2211335301399231,0.1157858669757843,0,0.0,0,0.0,1,1.0,1,1.0,1,1.0,0.04572514295578003
129,0.2,1,0.04347845911979675,0.04536016583442688,0.49868714809417725,0.2809009313583374,0.07652691006660461,0.06537758708000183,0,0.4,0,0.2,1,0.8,1,1.0,1,1.0,-0.0018817067146301297
334,0.2,1,0.14829787611961365,0.07522915005683899,0.5375003814697266,0.26835795640945437,0.2683521509170532,0.1307511568069458,0,0.0,0,0.0,1,1.0,1,1.0,1,1.0,0.07306872606277466
242,0.2,1,0.014974206686019897,-0.0051741361618041996,0.5597670674324036,0.3940766453742981,0.18370968103408813,0.12433541417121888,1,0.4,1,0.2,0,0.8,1,1.0,1,1.0,0.020148342847824095
211,0.2,1,0.15350180864334106,0.08493492603302003,0.450287401676178,0.3061423063278198,0.188129723072052,0.12493548989295959,0,0.0,0,0.0,1,1.0,1,1.0,1,1.0,0.06856688261032104
315,0.2,18,0.023800283670425415,-0.010553461313247681,0.17258405685424805,0.1177966833114624,-0.01324358582496643,0.006503301858901978,0,-0.2,0,0.0,0,0.0,0,0.0,0,0.0,0.03435374498367309
332,0.2,1,0.041623473167419434,0.04487286806106568,0.41822147369384766,0.34132070541381837,0.02837449312210083,0.029353386163711546,0,0.0,0,0.0,1,1.0,1,1.0,1,1.0,-0.003249394893646243
544,0.2,1,0.248233824968338,0.15980033278465272,0.48588860034942627,0.30994648933410646,0.2736499309539795,0.15311039090156556,0,0.0,0,0.0,1,1.0,1,1.0,1,1.0,0.08843349218368529
43,0.2,1,0.09369039535522461,0.060078009963035583,0.38939154148101807,0.26208215951919556,0.10885190963745117,0.0763613760471344,0,0.0,0,0.0,1,1.0,1,1.0,1,1.0,0.033612385392189026
36,0.2,1,0.09100136160850525,0.020631849765777588,0.4460737705230713,0.20034677982330323,0.23019754886627197,0.10261055827140808,3,0.4,1,0.2,0,0.8,1,1.0,1,1.0,0.07036951184272766
245,0.2,1,0.27175605297088623,0.050415915250778195,0.4737069606781006,0.14622396230697632,0.28062957525253296,0.07907251715660095,0,0.0,0,0.0,1,1.0,1,1.0,1,1.0,0.22134013772010802
624,0.2,1,0.08398345112800598,0.04303615689277649,0.3670216202735901,0.17291736602783203,0.10597208142280579,0.03935953378677368,0,0.0,0,0.0,1,1.0,1,1.0,1,1.0,0.04094729423522949
163,0.2,2,-0.010066300630569458,-0.015313243865966797,0.5937578082084656,0.274405312538147,0.056336551904678345,0.011847496032714844,-1,-1.0,0,0.0,1,1.0,1,1.0,1,1.0,0.005246943235397339
307,0.2,1,0.11203670501708984,0.11702447831630707,0.5640580058097839,0.37861318588256837,0.1337023228406906,0.1165090799331665,0,0.0,0,0.0,1,1.0,1,1.0,1,1.0,-0.004987773299217221
525,0.2,1,0.21016263961791992,0.10167230367660522,0.4159831404685974,0.2347452759742737,0.2251465916633606,0.0984494686126709,0,0.0,0,0.0,1,1.0,1,1.0,1,1.0,0.1084903359413147
512,0.2,1,0.08084651827812195,0.07314143478870391,0.43137645721435547,0.3435068249702454,0.13472986221313477,0.13682492971420288,0,0.0,0,0.0,1,1.0,1,1.0,1,1.0,0.007705083489418035
720,0.2,1,0.062495023012161255,0.045857024192810056,0.5275449752807617,0.26724470853805543,0.15361854434013367,0.07977085113525391,0,0.0,0,0.0,1,1.0,1,1.0,1,1.0,0.0166379988193512
437,0.2,1,0.25753816962242126,0.09200454652309417,0.5849695801734924,0.23520355224609374,0.26506078243255615,0.10206155180931091,0,0.0,0,0.0,1,1.0,1,1.0,1,1.0,0.1655336230993271
258,0.2,1,0.09218499064445496,0.08712176382541656,0.47996985912323,0.36173573732376096,0.1335712969303131,0.11580053269863129,7,40.6,1,0.8,0,0.2,0,0.4,1,0.4,0.005063226819038397
249,0.2,1,-0.02346208691596985,-0.018804609775543213,0.5051319003105164,0.32324579954147337,0.20513370633125305,0.13954370617866516,0,0.4,0,0.2,1,0.8,1,1.0,1,1.0,-0.004657477140426636
476,0.2,1,-0.04270678758621216,-0.01786482334136963,0.42442142963409424,0.2673498749732971,0.09755825996398926,0.08717455267906189,0,0.0,0,0.0,1,1.0,1,1.0,1,1.0,-0.02484196424484253
18,0.2,1,0.0907621681690216,0.030433738231658937,0.41536766290664673,0.2786575436592102,0.12116524577140808,0.08461729288101197,0,0.0,0,0.0,1,1.0,1,1.0,1,1.0,0.06032842993736267
358,0.2,1,0.12044557929039001,0.09265086948871612,0.46349769830703735,0.30720248222351076,0.143143892288208,0.10349223017692566,0,0.0,0,0.0,1,1.0,1,1.0,1,1.0,0.027794709801673895
670,0.2,1,0.12500661611557007,0.01041085720062256,0.6471297740936279,0.03955932855606079,0.3529750108718872,0.010648930072784423,2,0.0,1,0.0,0,1.0,1,1.0,1,1.0,0.11459575891494751
210,0.2,1,0.1591210812330246,0.07372593581676483,0.5702643394470215,0.2585497617721558,0.29825711250305176,0.14277966618537902,0,0.0,0,0.0,1,1.0,1,1.0,1,1.0,0.08539514541625977
549,0.2,1,0.1546594649553299,0.0806033432483673,0.529218316078186,0.261095130443573,0.19027462601661682,0.09539039134979248,0,0.0,0,0.0,1,1.0,1,1.0,1,1.0,0.07405612170696259
511,0.2,1,0.10766366124153137,-0.009601420164108277,0.5904171466827393,0.3278920531272888,0.3042456805706024,0.15103392601013182,2,0.0,1,0.0,0,1.0,1,1.0,1,1.0,0.11726508140563965
473,0.2,1,0.2373170256614685,0.10803504288196564,0.6205906271934509,0.29465737342834475,0.30120649933815,0.13764941096305847,0,0.0,0,0.0,1,1.0,1,1.0,1,1.0,0.12928198277950287
608,0.2,1,0.2935187965631485,0.18222618401050567,0.5149068832397461,0.4035354495048523,0.3207002282142639,0.23100438714027405,0,0.0,0,0.0,1,1.0,1,1.0,1,1.0,0.11129261255264283
409,0.2,1,0.1452936828136444,0.06216009259223938,0.47457003593444824,0.18666006326675416,0.12196537852287292,0.05867593288421631,0,0.0,0,0.0,1,1.0,1,1.0,1,1.0,0.08313359022140503
429,0.2,1,0.122433602809906,0.059879916906356814,0.4935866594314575,0.32837423086166384,0.16035422682762146,0.09253126978874207,0,0.0,0,0.0,1,1.0,1,1.0,1,1.0,0.06255368590354919
550,0.2,1,0.2842920124530792,0.10811444520950317,0.5769181847572327,0.2822901725769043,0.30959948897361755,0.12839784026145934,0,0.0,0,0.0,1,1.0,1,1.0,1,1.0,0.17617756724357606
275,0.2,1,0.13454918563365936,0.061152327060699466,0.5271615982055664,0.2396798014640808,0.20364204049110413,0.09169407486915589,0,0.0,0,0.0,1,1.0,1,1.0,1,1.0,0.0733968585729599
613,0.2,1,0.1130501925945282,0.0681381106376648,0.4925178289413452,0.32559393644332885,0.20101329684257507,0.12403621673583984,7,3.4,1,0.6,0,0.4,0,0.6,1,1.0,0.0449120819568634
509,0.2,3,-0.05312103033065796,-0.05871635675430298,0.49096643924713135,0.3227804183959961,0.1012745201587677,0.03199083805084228,-2,-1.8,0,0.0,1,0.8,1,1.0,1,1.0,0.0055953264236450195
37,0.2,1,0.1748276948928833,0.06332375109195709,0.3648698329925537,0.22137538194656373,0.12283357977867126,0.07250089645385742,0,0.0,0,0.0,1,1.0,1,1.0,1,1.0,0.11150394380092621
514,0.2,1,0.019911974668502808,0.01636936068534851,0.24469399452209473,0.16625360250473023,0.02050560712814331,0.012491464614868164,0,0.0,0,0.0,1,1.0,1,1.0,1,1.0,0.0035426139831542976
268,0.2,1,-0.004617214202880859,-0.0008109986782073974,0.4920504093170166,0.2927076816558838,0.13093018531799316,0.07145179510116577,0,0.0,0,0.0,1,1.0,1,1.0,1,1.0,-0.0038062155246734617
198,0.2,1,0.18029749393463135,0.10947831273078919,0.5409426689147949,0.3574409008026123,0.2587997317314148,0.18852469325065613,0,0.0,0,0.0,1,1.0,1,1.0,1,1.0,0.07081918120384216
207,0.2,1,0.10773593187332153,0.04018757343292236,0.5021084547042847,0.2746151924133301,0.2570822834968567,0.10291905403137207,0,0.0,0,0.0,1,1.0,1,1.0,1,1.0,0.06754835844039916
454,0.2,1,0.04825630784034729,0.040353381633758546,0.37600982189178467,0.28828721046447753,0.08924227952957153,0.08841423392295837,0,0.0,0,0.0,1,1.0,1,1.0,1,1.0,0.007902926206588744
502,0.2,1,0.12006880342960358,0.06877208352088929,0.4931223392486572,0.3132217288017273,0.19001814723014832,0.11051170825958252,0,0.0,0,0.0,1,1.0,1,1.0,1,1.0,0.05129671990871429
497,0.2,1,0.1720668524503708,0.060796788334846495,0.47002947330474854,0.30419886112213135,0.21485495567321777,0.09461958408355713,0,0.0,0,0.0,1,1.0,1,1.0,1,1.0,0.11127006411552429
592,0.2,1,0.05843168497085571,0.02759031653404236,0.44792139530181885,0.31976890563964844,0.18402308225631714,0.14878308176994323,1,0.4,1,0.4,0,0.6,1,1.0,1,1.0,0.030841368436813354
105,0.2,1,0.059667885303497314,0.020137321949005128,0.5497133135795593,0.25619733333587646,0.22931507229804993,0.1043581485748291,0,0.0,0,0.0,1,1.0,1,1.0,1,1.0,0.03953056335449219
119,0.2,1,0.13668125867843628,0.0640089213848114,0.48220688104629517,0.2958353042602539,0.17820584774017334,0.09025774002075196,0,0.0,0,0.0,1,1.0,1,1.0,1,1.0,0.07267233729362488
633,0.2,1,0.3486109673976898,0.12543798685073854,0.5670138597488403,0.21529128551483154,0.3654991388320923,0.12526423931121827,0,0.0,0,0.0,1,1.0,1,1.0,1,1.0,0.22317298054695128
266,0.2,1,0.11163455247879028,0.03581916093826294,0.6207166910171509,0.24118868112564087,0.28326401114463806,0.09329590201377869,0,0.0,0,0.0,1,1.0,1,1.0,1,1.0,0.07581539154052734
674,0.2,1,0.3029828667640686,0.08880131244659424,0.5603213906288147,0.24649606943130492,0.3428647816181183,0.10557631850242614,1,0.0,1,0.0,0,1.0,1,1.0,1,1.0,0.21418155431747438
394,0.2,1,0.12211859226226807,0.0764536052942276,0.5365917086601257,0.3763473391532898,0.26891690492630005,0.16929990649223328,0,0.0,0,0.0,1,1.0,1,1.0,1,1.0,0.04566498696804047
616,0.2,1,0.10035517811775208,0.05393433272838592,0.5226930379867554,0.24949678182601928,0.1821897029876709,0.07842329740524293,0,0.0,0,0.0,1,1.0,1,1.0,1,1.0,0.04642084538936615
112,0.2,1,0.07447341084480286,0.0974021703004837,0.5262280106544495,0.3714867949485779,0.2131490409374237,0.1556309223175049,0,0.0,0,0.0,1,1.0,1,1.0,1,1.0,-0.022928759455680847
397,0.2,1,0.03856462240219116,0.0043939948081970215,0.5344834327697754,0.13618683815002441,0.17025676369667053,0.033080071210861206,0,0.0,0,0.0,1,1.0,1,1.0,1,1.0,0.03417062759399414
464,0.2,1,0.24663527309894562,0.04024040997028351,0.656309962272644,0.16517963409423828,0.2513055205345154,0.03521617650985718,0,0.0,0,0.0,1,1.0,1,1.0,1,1.0,0.20639486312866212
693,0.2,1,0.059702008962631226,0.042051786184310914,0.5573508143424988,0.26532918214797974,0.22366860508918762,0.11237887144088746,2,0.8,1,0.4,0,0.6,1,1.0,1,1.0,0.01765022277832031
349,0.2,1,0.15372855961322784,0.06415331363677979,0.6058652997016907,0.21517962217330933,0.33874374628067017,0.11859170794486999,0,0.0,0,0.0,1,1.0,1,1.0,1,1.0,0.08957524597644806
487,0.2,1,0.2462424784898758,0.07247368097305298,0.6134216785430908,0.22874487638473512,0.26016855239868164,0.0914194107055664,0,0.0,0,0.0,1,1.0,1,1.0,1,1.0,0.1737687975168228
733,0.2,1,0.07498082518577576,0.057096564769744874,0.3661896586418152,0.24485864639282226,0.14029252529144287,0.1036527395248413,0,0.0,0,0.0,1,1.0,1,1.0,1,1.0,0.017884260416030882
471,0.2,20,0.028841570019721985,0.015922239422798155,0.5283100605010986,0.2637930750846863,0.03992880880832672,0.03011642098426819,49,30.0,0,0.0,0,0.0,0,0.2,0,0.2,0.01291933059692383
687,0.2,1,0.18099460005760193,0.08746186494827271,0.5733399987220764,0.31018993854522703,0.3432401716709137,0.16447948217391967,0,0.0,0,0.0,1,1.0,1,1.0,1,1.0,0.09353273510932922
253,0.2,1,0.10672512650489807,0.057859891653060914,0.4760743975639343,0.37413989305496215,0.22850745916366577,0.19036781787872314,0,0.0,0,0.0,1,1.0,1,1.0,1,1.0,0.04886523485183716
333,0.2,1,0.13433629274368286,0.07884470224380494,0.5806592702865601,0.3519077658653259,0.2374265193939209,0.14683980345726014,0,0.0,0,0.0,1,1.0,1,1.0,1,1.0,0.055491590499877924
34,0.2,67,0.034526482224464417,-0.009411735832691193,0.587152361869812,0.33367869853973386,0.06634420156478882,0.013497577607631683,540,116.2,0,0.0,0,0.0,0,0.0,0,0.2,0.04393821805715561
290,0.2,1,-0.033331483602523804,-0.02747931480407715,0.43381190299987793,0.2798126220703125,0.08648735284805298,0.05884465575218201,0,0.0,0,0.0,1,1.0,1,1.0,1,1.0,-0.005852168798446654
110,0.2,1,0.02893003821372986,0.021531236171722413,0.31811344623565674,0.1825617790222168,0.14318370819091797,0.09620885848999024,0,0.0,0,0.0,1,1.0,1,1.0,1,1.0,0.007398802042007446
301,0.2,1,0.05541522800922394,0.02588981091976166,0.4405551552772522,0.30452861785888674,0.14794501662254333,0.08515064716339112,0,0.0,0,0.0,1,1.0,1,1.0,1,1.0,0.02952541708946228
489,0.2,1,0.27365362644195557,0.19471182823181152,0.5081442594528198,0.3855116605758667,0.32469505071640015,0.23312642574310302,0,0.0,0,0.0,1,1.0,1,1.0,1,1.0,0.07894179821014405
154,0.2,1,0.03735494613647461,0.04713853299617767,0.46594899892807007,0.3829282283782959,0.10776004195213318,0.10745954811573029,0,0.0,0,0.0,1,1.0,1,1.0,1,1.0,-0.009783586859703063
481,0.2,1,0.0964265912771225,0.07514128684997559,0.37642019987106323,0.3518725514411926,0.16122624278068542,0.13586398363113403,0,0.0,0,0.0,1,1.0,1,1.0,1,1.0,0.021285304427146906
602,0.2,9,0.09460568428039551,0.07697958648204803,0.40784287452697754,0.30498305559158323,0.06806224584579468,0.06595990508794784,356,447.4,0,0.0,0,0.0,0,0.0,0,0.0,0.01762609779834748
48,0.2,1,0.19356009364128113,0.14503580927848816,0.439744770526886,0.3958869457244873,0.18013298511505127,0.14843689203262328,0,0.0,0,0.0,1,1.0,1,1.0,1,1.0,0.04852428436279296
192,0.2,1,0.04340396821498871,0.02165270149707794,0.45076751708984375,0.3977469801902771,0.04491913318634033,0.035300064086914065,5,1.8,1,0.8,0,0.2,0,1.0,1,1.0,0.021751266717910767
576,0.2,1,0.0711800754070282,0.038447409868240356,0.450619637966156,0.3584513902664185,0.18306848406791687,0.12302345633506775,1,0.6,1,0.6,0,0.4,1,1.0,1,1.0,0.03273266553878784
350,0.2,1,0.14509156346321106,0.10141709744930268,0.6014856696128845,0.4400235414505005,0.33278217911720276,0.22670680284500122,0,0.0,0,0.0,1,1.0,1,1.0,1,1.0,0.04367446601390838
527,0.2,1,0.03929561376571655,0.019554251432418825,0.4907646179199219,0.2482462763786316,0.10940372943878174,0.06664642095565795,0,0.0,0,0.0,1,1.0,1,1.0,1,1.0,0.019741362333297728
152,0.2,1,0.049419522285461426,0.05691485404968262,0.4838430881500244,0.22369258403778075,0.20735740661621094,0.08172245621681214,0,0.0,0,0.0,1,1.0,1,1.0,1,1.0,-0.007495331764221194
66,0.2,3,-0.08565494418144226,-0.00011353194713592529,0.422299861907959,0.23789628744125366,0.03574490547180176,0.050463694334030154,-2,-0.4,0,0.0,1,0.0,1,1.0,1,1.0,-0.08554141223430634
355,0.2,1,0.033953309059143066,0.027304011583328246,0.5301120281219482,0.3023799777030945,0.22667592763900757,0.12361548542976379,0,0.0,0,0.0,1,1.0,1,1.0,1,1.0,0.00664929747581482
589,0.2,1,0.1675538569688797,0.1118236780166626,0.6231850385665894,0.3837561130523682,0.24870431423187256,0.14409701228141786,0,0.0,0,0.0,1,1.0,1,1.0,1,1.0,0.0557301789522171
241,0.2,18,-0.04672035574913025,-0.026585456728935242,0.48757052421569824,0.30893059968948366,0.08606857061386108,0.04848894774913788,-4,-0.6,0,0.0,0,0.0,0,0.0,0,0.0,-0.020134899020195007
234,0.2,1,0.11494727432727814,0.080626580119133,0.6036883592605591,0.5401214957237244,0.1741374433040619,0.15503396987915039,0,0.0,0,0.0,1,1.0,1,1.0,1,1.0,0.03432069420814514
542,0.2,1,0.1522858738899231,-0.0018724232912063598,0.5843608379364014,0.09545516967773438,0.15357261896133423,0.02038390636444092,1,0.0,1,0.0,0,1.0,1,1.0,1,1.0,0.15415829718112944
22,0.2,1,0.12147584557533264,0.11306310892105102,0.5224456787109375,0.4493501901626587,0.2054990530014038,0.1873587489128113,0,0.0,0,0.0,1,1.0,1,1.0,1,1.0,0.008412736654281619
474,0.2,1,0.2120969295501709,0.060302698612213136,0.45433759689331055,0.21660269498825074,0.2751097083091736,0.11235336065292359,0,0.0,0,0.0,1,1.0,1,1.0,1,1.0,0.15179423093795777
658,0.2,1,0.1926994025707245,0.08338419198989869,0.44120532274246216,0.24090369939804077,0.25868886709213257,0.10533444881439209,0,0.0,0,0.0,1,1.0,1,1.0,1,1.0,0.1093152105808258
313,0.2,1,0.08513133227825165,0.04828697443008423,0.4190257787704468,0.29764710664749144,0.1216522604227066,0.08036986589431763,4,0.6,1,0.2,0,0.8,1,1.0,1,1.0,0.03684435784816742
